,trial_number,ml,mr,pr,pl,rr,rl,revealed_o_l,revealed_x_l,revealed_o_r,revealed_x_r,mag_left,mag_right,info_amb,info_l,info_r,prob_out_l,prob_out_r,prob_out_l_bayes,prob_out_r_bayes,ambig_l,ambig_r,prob_out_ambig,prob_out_unambig,mag_ambig,mag_unambig,resp_amb_1,prob_out_ambig_bayes
0,0,36.0,21.0,0.24,0.84,1.0,1.0,9.0,41.0,37.0,13.0,36.0,21.0,1.0,1.0,1.0,0.82,0.26,0.82,0.26,0.0,0.0,,,,,,
1,1,78.0,101.0,0.64,0.76,1.0,1.0,13.0,37.0,17.0,33.0,78.0,101.0,1.0,1.0,1.0,0.74,0.66,0.74,0.66,0.0,0.0,,,,,,
2,2,21.0,68.0,0.36,0.66,0.8,1.0,18.0,32.0,25.0,15.0,21.0,68.0,0.8,1.0,0.8,0.64,0.375,0.64,0.38095238095238093,0.0,1.0,0.375,0.64,68.0,21.0,,0.38095238095238093
3,3,8.0,12.0,0.92,0.76,1.0,0.1,1.0,4.0,4.0,46.0,8.0,12.0,0.1,0.1,1.0,0.8,0.92,0.7142857142857143,0.92,1.0,0.0,0.8,0.92,8.0,12.0,,0.7142857142857143
4,4,7.0,20.0,0.38,0.88,1.0,1.0,6.0,44.0,31.0,19.0,7.0,20.0,1.0,1.0,1.0,0.88,0.38,0.88,0.38,0.0,0.0,,,,,,
5,5,-29.0,-48.0,0.36,0.32,1.0,1.0,33.0,17.0,32.0,18.0,-29.0,-48.0,1.0,1.0,1.0,0.34,0.36,0.34,0.36,0.0,0.0,,,,,,
6,6,-39.0,-42.0,0.5,0.3,1.0,0.8,25.0,15.0,25.0,25.0,-39.0,-42.0,0.8,0.8,1.0,0.375,0.5,0.38095238095238093,0.5,1.0,0.0,0.375,0.5,-39.0,-42.0,,0.38095238095238093
7,7,-9.0,-13.0,0.62,0.48,1.0,0.2,5.0,5.0,20.0,30.0,-9.0,-13.0,0.2,0.2,1.0,0.5,0.6,0.5,0.6,1.0,0.0,0.5,0.6,-9.0,-13.0,,0.5
8,8,-63.0,-60.0,0.52,0.96,0.8,1.0,3.0,47.0,19.0,21.0,-63.0,-60.0,0.8,1.0,0.8,0.94,0.525,0.94,0.5238095238095238,0.0,1.0,0.525,0.94,-60.0,-63.0,,0.5238095238095238
9,9,-72.0,-89.0,0.8,0.96,1.0,0.1,0.0,5.0,10.0,40.0,-72.0,-89.0,0.1,0.1,1.0,1.0,0.8,0.8571428571428571,0.8,1.0,0.0,1.0,0.8,-72.0,-89.0,,0.8571428571428571
10,10,-9.0,-22.0,0.68,0.56,1.0,1.0,22.0,28.0,16.0,34.0,-9.0,-22.0,1.0,1.0,1.0,0.56,0.68,0.56,0.68,0.0,0.0,,,,,,
11,11,-144.0,-114.0,0.48,0.44,1.0,1.0,28.0,22.0,26.0,24.0,-144.0,-114.0,1.0,1.0,1.0,0.44,0.48,0.44,0.48,0.0,0.0,,,,,,
12,12,-15.0,-17.0,0.58,0.58,1.0,1.0,21.0,29.0,21.0,29.0,-15.0,-17.0,1.0,1.0,1.0,0.58,0.58,0.58,0.58,0.0,0.0,,,,,,
13,13,-37.0,-115.0,0.32,0.82,1.0,1.0,10.0,40.0,33.0,17.0,-37.0,-115.0,1.0,1.0,1.0,0.8,0.34,0.8,0.34,0.0,0.0,,,,,,
14,14,-42.0,-71.0,0.84,0.72,0.06,1.0,14.0,36.0,0.0,3.0,-42.0,-71.0,0.06,1.0,0.06,0.72,1.0,0.72,0.8,0.0,1.0,1.0,0.72,-71.0,-42.0,,0.8
15,15,16.0,8.0,0.6,0.96,1.0,1.0,2.0,48.0,20.0,30.0,16.0,8.0,1.0,1.0,1.0,0.96,0.6,0.96,0.6,0.0,0.0,,,,,,
16,16,98.0,90.0,0.92,0.36,1.0,0.06,1.0,2.0,4.0,46.0,98.0,90.0,0.06,0.06,1.0,0.6666666666666666,0.92,0.6,0.92,1.0,0.0,0.6666666666666666,0.92,98.0,90.0,,0.6
17,17,88.0,80.0,0.68,0.76,0.02,1.0,12.0,38.0,1.0,0.0,88.0,80.0,0.02,1.0,0.02,0.76,0.0,0.76,0.3333333333333333,0.0,1.0,0.0,0.76,80.0,88.0,,0.3333333333333333
18,18,15.0,53.0,0.32,0.96,1.0,1.0,3.0,47.0,33.0,17.0,15.0,53.0,1.0,1.0,1.0,0.94,0.34,0.94,0.34,0.0,0.0,,,,,,
19,19,22.0,23.0,0.7,0.66,1.0,1.0,17.0,33.0,15.0,35.0,22.0,23.0,1.0,1.0,1.0,0.66,0.7,0.66,0.7,0.0,0.0,,,,,,
20,20,40.0,7.0,0.72,0.24,1.0,0.2,8.0,2.0,13.0,37.0,40.0,7.0,0.2,0.2,1.0,0.2,0.74,0.25,0.74,1.0,0.0,0.2,0.74,40.0,7.0,,0.25
21,21,63.0,13.0,0.4,0.48,1.0,1.0,25.0,25.0,30.0,20.0,63.0,13.0,1.0,1.0,1.0,0.5,0.4,0.5,0.4,0.0,0.0,,,,,,
22,22,88.0,38.0,0.66,0.28,0.06,1.0,36.0,14.0,1.0,2.0,88.0,38.0,0.06,1.0,0.06,0.28,0.6666666666666666,0.28,0.6,0.0,1.0,0.6666666666666666,0.28,38.0,88.0,,0.6
23,23,15.0,5.0,0.94,0.66,1.0,1.0,18.0,32.0,2.0,48.0,15.0,5.0,1.0,1.0,1.0,0.64,0.96,0.64,0.96,0.0,0.0,,,,,,
24,24,11.0,14.0,0.44,0.44,1.0,0.02,0.0,1.0,27.0,23.0,11.0,14.0,0.02,0.02,1.0,1.0,0.46,0.6666666666666666,0.46,1.0,0.0,1.0,0.46,11.0,14.0,,0.6666666666666666
25,25,68.0,45.0,0.6,0.44,0.8,1.0,27.0,23.0,20.0,30.0,68.0,45.0,1.0,1.0,1.0,0.46,0.6,0.46,0.6,0.0,0.0,,,,,,
26,26,94.0,100.0,0.52,0.64,1.0,0.4,12.0,8.0,25.0,25.0,94.0,100.0,0.4,0.4,1.0,0.4,0.5,0.4090909090909091,0.5,1.0,0.0,0.4,0.5,94.0,100.0,,0.4090909090909091
27,27,62.0,134.0,0.2,0.26,1.0,1.0,36.0,14.0,40.0,10.0,62.0,134.0,1.0,1.0,1.0,0.28,0.2,0.28,0.2,0.0,0.0,,,,,,
28,28,27.0,15.0,0.6,0.22,1.0,0.06,1.0,2.0,20.0,30.0,27.0,15.0,0.06,0.06,1.0,0.6666666666666666,0.6,0.6,0.6,1.0,0.0,0.6666666666666666,0.6,27.0,15.0,,0.6
29,29,39.0,34.0,0.88,0.76,1.0,1.0,13.0,37.0,6.0,44.0,39.0,34.0,1.0,1.0,1.0,0.74,0.88,0.74,0.88,0.0,0.0,,,,,,
30,30,-84.0,-95.0,0.68,0.76,0.2,1.0,12.0,38.0,5.0,5.0,-84.0,-95.0,0.2,1.0,0.2,0.76,0.5,0.76,0.5,0.0,1.0,0.5,0.76,-95.0,-84.0,,0.5
31,31,-54.0,-74.0,0.34,0.6,1.0,0.2,5.0,5.0,31.0,19.0,-54.0,-74.0,0.2,0.2,1.0,0.5,0.38,0.5,0.38,1.0,0.0,0.5,0.38,-54.0,-74.0,,0.5
32,32,-130.0,-68.0,0.42,0.22,1.0,1.0,38.0,12.0,28.0,22.0,-130.0,-68.0,1.0,1.0,1.0,0.24,0.44,0.24,0.44,0.0,0.0,,,,,,
33,33,-97.0,-86.0,0.68,0.64,1.0,1.0,18.0,32.0,16.0,34.0,-97.0,-86.0,1.0,1.0,1.0,0.64,0.68,0.64,0.68,0.0,0.0,,,,,,
34,34,-74.0,-78.0,0.76,0.92,1.0,0.4,1.0,19.0,12.0,38.0,-74.0,-78.0,0.4,0.4,1.0,0.95,0.76,0.9090909090909091,0.76,1.0,0.0,0.95,0.76,-74.0,-78.0,,0.9090909090909091
35,35,100.0,84.0,0.28,0.36,0.06,1.0,32.0,18.0,2.0,1.0,100.0,84.0,0.06,1.0,0.06,0.36,0.3333333333333333,0.36,0.4,0.0,1.0,0.3333333333333333,0.36,84.0,100.0,,0.4
36,36,68.0,40.0,0.52,0.44,0.2,1.0,26.0,24.0,8.0,2.0,68.0,40.0,0.2,1.0,0.2,0.48,0.2,0.48,0.25,0.0,1.0,0.2,0.48,40.0,68.0,,0.25
37,37,7.0,21.0,0.24,0.6,0.4,1.0,20.0,30.0,13.0,7.0,7.0,21.0,0.4,1.0,0.4,0.6,0.35,0.6,0.36363636363636365,0.0,1.0,0.35,0.6,21.0,7.0,,0.36363636363636365
38,38,17.0,50.0,0.6,0.88,1.0,1.0,6.0,44.0,21.0,29.0,17.0,50.0,1.0,1.0,1.0,0.88,0.58,0.88,0.58,0.0,0.0,,,,,,
39,39,68.0,50.0,0.52,0.44,0.02,1.0,26.0,24.0,0.0,1.0,68.0,50.0,0.02,1.0,0.02,0.48,1.0,0.48,0.6666666666666666,0.0,1.0,1.0,0.48,50.0,68.0,,0.6666666666666666
40,40,74.0,98.0,0.56,0.36,1.0,0.1,3.0,2.0,22.0,28.0,74.0,98.0,0.1,0.1,1.0,0.4,0.56,0.42857142857142855,0.56,1.0,0.0,0.4,0.56,74.0,98.0,,0.42857142857142855
41,41,33.0,7.0,0.68,0.92,1.0,1.0,3.0,47.0,17.0,33.0,33.0,7.0,1.0,1.0,1.0,0.94,0.66,0.94,0.66,0.0,0.0,,,,,,
42,42,13.0,9.0,0.48,0.62,0.8,1.0,18.0,32.0,22.0,18.0,13.0,9.0,0.8,1.0,0.8,0.64,0.45,0.64,0.4523809523809524,0.0,1.0,0.45,0.64,9.0,13.0,,0.4523809523809524
43,43,40.0,51.0,0.36,0.38,0.06,1.0,31.0,19.0,2.0,1.0,40.0,51.0,0.06,1.0,0.06,0.38,0.3333333333333333,0.38,0.4,0.0,1.0,0.3333333333333333,0.38,51.0,40.0,,0.4
44,44,38.0,45.0,0.48,0.5,1.0,0.8,20.0,20.0,26.0,24.0,38.0,45.0,0.8,0.8,1.0,0.5,0.48,0.5,0.48,1.0,0.0,0.5,0.48,38.0,45.0,,0.5
45,45,-16.0,-38.0,0.4,0.74,1.0,1.0,13.0,37.0,30.0,20.0,-16.0,-38.0,1.0,1.0,1.0,0.74,0.4,0.74,0.4,0.0,0.0,,,,,,
46,46,-118.0,-32.0,0.38,0.2,1.0,1.0,39.0,11.0,31.0,19.0,-118.0,-32.0,1.0,1.0,1.0,0.22,0.38,0.22,0.38,0.0,0.0,,,,,,
47,47,-33.0,-7.0,0.68,0.92,1.0,1.0,3.0,47.0,17.0,33.0,-33.0,-7.0,1.0,1.0,1.0,0.94,0.66,0.94,0.66,0.0,0.0,,,,,,
48,48,-115.0,-5.0,0.92,0.52,0.4,1.0,23.0,27.0,3.0,17.0,-115.0,-5.0,0.4,1.0,0.4,0.54,0.85,0.54,0.8181818181818182,0.0,1.0,0.85,0.54,-5.0,-115.0,,0.8181818181818182
49,49,-7.0,-20.0,0.38,0.88,1.0,1.0,6.0,44.0,31.0,19.0,-7.0,-20.0,1.0,1.0,1.0,0.88,0.38,0.88,0.38,0.0,0.0,,,,,,
50,50,-97.0,-70.0,0.92,0.64,0.02,1.0,19.0,31.0,0.0,1.0,-97.0,-70.0,0.02,1.0,0.02,0.62,1.0,0.62,0.6666666666666666,0.0,1.0,1.0,0.62,-70.0,-97.0,,0.6666666666666666
51,51,-138.0,-106.0,0.6,0.48,1.0,1.0,25.0,25.0,21.0,29.0,-138.0,-106.0,1.0,1.0,1.0,0.5,0.58,0.5,0.58,0.0,0.0,,,,,,
52,52,-9.0,-18.0,0.68,0.96,1.0,0.4,0.0,20.0,17.0,33.0,-9.0,-18.0,0.4,0.4,1.0,1.0,0.66,0.9545454545454546,0.66,1.0,0.0,1.0,0.66,-9.0,-18.0,,0.9545454545454546
53,53,-38.0,-42.0,0.72,0.8,1.0,1.0,10.0,40.0,14.0,36.0,-38.0,-42.0,1.0,1.0,1.0,0.8,0.72,0.8,0.72,0.0,0.0,,,,,,
54,54,-25.0,-55.0,0.28,0.52,1.0,1.0,24.0,26.0,36.0,14.0,-25.0,-55.0,1.0,1.0,1.0,0.52,0.28,0.52,0.28,0.0,0.0,,,,,,
55,55,-74.0,-60.0,0.88,0.84,1.0,1.0,8.0,42.0,7.0,43.0,-74.0,-60.0,1.0,1.0,1.0,0.84,0.86,0.84,0.86,0.0,0.0,,,,,,
56,56,-11.0,-8.0,0.64,0.44,0.06,1.0,27.0,23.0,1.0,2.0,-11.0,-8.0,0.06,1.0,0.06,0.46,0.6666666666666666,0.46,0.6,0.0,1.0,0.6666666666666666,0.46,-8.0,-11.0,,0.6
57,57,-27.0,-15.0,0.6,0.22,1.0,0.06,1.0,2.0,20.0,30.0,-27.0,-15.0,0.06,0.06,1.0,0.6666666666666666,0.6,0.6,0.6,1.0,0.0,0.6666666666666666,0.6,-27.0,-15.0,,0.6
58,58,-40.0,-7.0,0.72,0.24,1.0,0.2,8.0,2.0,13.0,37.0,-40.0,-7.0,0.2,0.2,1.0,0.2,0.74,0.25,0.74,1.0,0.0,0.2,0.74,-40.0,-7.0,,0.25
59,59,-96.0,-86.0,0.8,0.76,1.0,1.0,12.0,38.0,10.0,40.0,-96.0,-86.0,1.0,1.0,1.0,0.76,0.8,0.76,0.8,0.0,0.0,,,,,,
60,60,60.0,81.0,0.38,0.64,1.0,0.2,3.0,7.0,31.0,19.0,60.0,81.0,0.2,0.2,1.0,0.7,0.38,0.6666666666666666,0.38,1.0,0.0,0.7,0.38,60.0,81.0,,0.6666666666666666
61,61,4.0,11.0,0.22,0.68,1.0,0.4,5.0,15.0,39.0,11.0,4.0,11.0,0.4,0.4,1.0,0.75,0.22,0.7272727272727273,0.22,1.0,0.0,0.75,0.22,4.0,11.0,,0.7272727272727273
62,62,80.0,97.0,0.64,0.92,1.0,0.2,1.0,9.0,18.0,32.0,80.0,97.0,0.2,0.2,1.0,0.9,0.64,0.8333333333333334,0.64,1.0,0.0,0.9,0.64,80.0,97.0,,0.8333333333333334
63,63,33.0,20.0,0.56,0.1,0.1,1.0,46.0,4.0,1.0,4.0,33.0,20.0,0.1,1.0,0.1,0.08,0.8,0.08,0.7142857142857143,0.0,1.0,0.8,0.08,20.0,33.0,,0.7142857142857143
64,64,19.0,48.0,0.68,0.8,1.0,1.0,10.0,40.0,16.0,34.0,19.0,48.0,1.0,1.0,1.0,0.8,0.68,0.8,0.68,0.0,0.0,,,,,,
65,65,48.0,51.0,0.74,0.62,0.4,1.0,20.0,30.0,5.0,15.0,48.0,51.0,0.4,1.0,0.4,0.6,0.75,0.6,0.7272727272727273,0.0,1.0,0.75,0.6,51.0,48.0,,0.7272727272727273
66,66,39.0,42.0,0.5,0.3,1.0,0.8,25.0,15.0,25.0,25.0,39.0,42.0,0.8,0.8,1.0,0.375,0.5,0.38095238095238093,0.5,1.0,0.0,0.375,0.5,39.0,42.0,,0.38095238095238093
67,67,39.0,42.0,0.44,0.32,1.0,1.0,34.0,16.0,27.0,23.0,39.0,42.0,1.0,1.0,1.0,0.32,0.46,0.32,0.46,0.0,0.0,,,,,,
68,68,42.0,61.0,0.52,0.76,1.0,1.0,12.0,38.0,25.0,25.0,42.0,61.0,1.0,1.0,1.0,0.76,0.5,0.76,0.5,0.0,0.0,,,,,,
69,69,37.0,115.0,0.32,0.82,1.0,1.0,10.0,40.0,33.0,17.0,37.0,115.0,1.0,1.0,1.0,0.8,0.34,0.8,0.34,0.0,0.0,,,,,,
70,70,-11.0,-14.0,0.44,0.44,1.0,0.02,0.0,1.0,27.0,23.0,-11.0,-14.0,0.02,0.02,1.0,1.0,0.46,0.6666666666666666,0.46,1.0,0.0,1.0,0.46,-11.0,-14.0,,0.6666666666666666
71,71,-77.0,-118.0,0.56,0.76,1.0,1.0,12.0,38.0,23.0,27.0,-77.0,-118.0,1.0,1.0,1.0,0.76,0.54,0.76,0.54,0.0,0.0,,,,,,
72,72,-8.0,-9.0,0.48,0.26,1.0,1.0,37.0,13.0,25.0,25.0,-8.0,-9.0,1.0,1.0,1.0,0.26,0.5,0.26,0.5,0.0,0.0,,,,,,
73,73,-7.0,-14.0,0.42,0.84,1.0,1.0,9.0,41.0,27.0,23.0,-7.0,-14.0,1.0,1.0,1.0,0.82,0.46,0.82,0.46,0.0,0.0,,,,,,
74,74,-13.0,-9.0,0.48,0.62,0.8,1.0,18.0,32.0,22.0,18.0,-13.0,-9.0,0.8,1.0,0.8,0.64,0.45,0.64,0.4523809523809524,0.0,1.0,0.45,0.64,-9.0,-13.0,,0.4523809523809524
75,75,106.0,44.0,0.62,0.28,1.0,1.0,36.0,14.0,18.0,32.0,106.0,44.0,1.0,1.0,1.0,0.28,0.64,0.28,0.64,0.0,0.0,,,,,,
76,76,11.0,19.0,0.5,0.5,1.0,1.0,24.0,26.0,26.0,24.0,11.0,19.0,1.0,1.0,1.0,0.52,0.48,0.52,0.48,0.0,0.0,,,,,,
77,77,125.0,80.0,0.56,0.48,0.02,1.0,27.0,23.0,0.0,1.0,125.0,80.0,0.02,1.0,0.02,0.46,1.0,0.46,0.6666666666666666,0.0,1.0,1.0,0.46,80.0,125.0,,0.6666666666666666
78,78,16.0,38.0,0.4,0.74,1.0,1.0,13.0,37.0,30.0,20.0,16.0,38.0,1.0,1.0,1.0,0.74,0.4,0.74,0.4,0.0,0.0,,,,,,
79,79,97.0,70.0,0.92,0.64,0.02,1.0,19.0,31.0,0.0,1.0,97.0,70.0,0.02,1.0,0.02,0.62,1.0,0.62,0.6666666666666666,0.0,1.0,1.0,0.62,70.0,97.0,,0.6666666666666666
80,80,-5.0,-25.0,0.6,0.96,1.0,1.0,3.0,47.0,20.0,30.0,-5.0,-25.0,1.0,1.0,1.0,0.94,0.6,0.94,0.6,0.0,0.0,,,,,,
81,81,-11.0,-8.0,0.68,0.22,0.2,1.0,39.0,11.0,2.0,8.0,-11.0,-8.0,0.2,1.0,0.2,0.22,0.8,0.22,0.75,0.0,1.0,0.8,0.22,-8.0,-11.0,,0.75
82,82,-68.0,-50.0,0.52,0.44,0.02,1.0,26.0,24.0,0.0,1.0,-68.0,-50.0,0.02,1.0,0.02,0.48,1.0,0.48,0.6666666666666666,0.0,1.0,1.0,0.48,-50.0,-68.0,,0.6666666666666666
83,83,-48.0,-51.0,0.74,0.62,0.4,1.0,20.0,30.0,5.0,15.0,-48.0,-51.0,0.4,1.0,0.4,0.6,0.75,0.6,0.7272727272727273,0.0,1.0,0.75,0.6,-51.0,-48.0,,0.7272727272727273
84,84,-74.0,-98.0,0.56,0.36,1.0,0.1,3.0,2.0,22.0,28.0,-74.0,-98.0,0.1,0.1,1.0,0.4,0.56,0.42857142857142855,0.56,1.0,0.0,0.4,0.56,-74.0,-98.0,,0.42857142857142855
85,85,72.0,60.0,0.6,0.36,1.0,1.0,31.0,19.0,20.0,30.0,72.0,60.0,1.0,1.0,1.0,0.38,0.6,0.38,0.6,0.0,0.0,,,,,,
86,86,30.0,29.0,0.94,0.88,1.0,1.0,6.0,44.0,4.0,46.0,30.0,29.0,1.0,1.0,1.0,0.88,0.92,0.88,0.92,0.0,0.0,,,,,,
87,87,18.0,47.0,0.32,0.84,1.0,1.0,8.0,42.0,33.0,17.0,18.0,47.0,1.0,1.0,1.0,0.84,0.34,0.84,0.34,0.0,0.0,,,,,,
88,88,94.0,75.0,0.88,0.3,0.8,1.0,41.0,9.0,15.0,25.0,94.0,75.0,0.8,1.0,0.8,0.18,0.625,0.18,0.6190476190476191,0.0,1.0,0.625,0.18,75.0,94.0,,0.6190476190476191
89,89,116.0,42.0,0.94,0.24,1.0,1.0,37.0,13.0,4.0,46.0,116.0,42.0,1.0,1.0,1.0,0.26,0.92,0.26,0.92,0.0,0.0,,,,,,
90,90,25.0,16.0,0.9,0.44,0.06,1.0,26.0,24.0,1.0,2.0,25.0,16.0,0.06,1.0,0.06,0.48,0.6666666666666666,0.48,0.6,0.0,1.0,0.6666666666666666,0.48,16.0,25.0,,0.6
91,91,31.0,75.0,0.4,0.16,1.0,1.0,42.0,8.0,30.0,20.0,31.0,75.0,1.0,1.0,1.0,0.16,0.4,0.16,0.4,0.0,0.0,,,,,,
92,92,74.0,60.0,0.88,0.84,1.0,1.0,8.0,42.0,7.0,43.0,74.0,60.0,1.0,1.0,1.0,0.84,0.86,0.84,0.86,0.0,0.0,,,,,,
93,93,98.0,80.0,0.92,0.64,0.1,1.0,18.0,32.0,0.0,5.0,98.0,80.0,0.1,1.0,0.1,0.64,1.0,0.64,0.8571428571428571,0.0,1.0,1.0,0.64,80.0,98.0,,0.8571428571428571
94,94,25.0,55.0,0.28,0.52,1.0,1.0,24.0,26.0,36.0,14.0,25.0,55.0,1.0,1.0,1.0,0.52,0.28,0.52,0.28,0.0,0.0,,,,,,
95,95,-50.0,-81.0,0.38,0.64,1.0,0.02,1.0,0.0,31.0,19.0,-50.0,-81.0,0.02,0.02,1.0,0.0,0.38,0.3333333333333333,0.38,1.0,0.0,0.0,0.38,-50.0,-81.0,,0.3333333333333333
96,96,-114.0,-78.0,0.88,0.56,1.0,1.0,22.0,28.0,6.0,44.0,-114.0,-78.0,1.0,1.0,1.0,0.56,0.88,0.56,0.88,0.0,0.0,,,,,,
97,97,-90.0,-60.0,0.44,0.44,0.06,1.0,26.0,24.0,2.0,1.0,-90.0,-60.0,0.06,1.0,0.06,0.48,0.3333333333333333,0.48,0.4,0.0,1.0,0.3333333333333333,0.48,-60.0,-90.0,,0.4
98,98,-80.0,-97.0,0.64,0.92,1.0,0.2,1.0,9.0,18.0,32.0,-80.0,-97.0,0.2,0.2,1.0,0.9,0.64,0.8333333333333334,0.64,1.0,0.0,0.9,0.64,-80.0,-97.0,,0.8333333333333334
99,99,-20.0,-25.0,0.44,0.9,1.0,0.02,1.0,0.0,26.0,24.0,-20.0,-25.0,0.02,0.02,1.0,0.0,0.48,0.3333333333333333,0.48,1.0,0.0,0.0,0.48,-20.0,-25.0,,0.3333333333333333
100,100,-63.0,-58.0,0.52,0.08,0.1,1.0,45.0,5.0,2.0,3.0,-63.0,-58.0,0.1,1.0,0.1,0.1,0.6,0.1,0.5714285714285714,0.0,1.0,0.6,0.1,-58.0,-63.0,,0.5714285714285714
101,101,-100.0,-74.0,0.36,0.28,1.0,0.02,0.0,1.0,32.0,18.0,-100.0,-74.0,0.02,0.02,1.0,1.0,0.36,0.6666666666666666,0.36,1.0,0.0,1.0,0.36,-100.0,-74.0,,0.6666666666666666
102,102,-21.0,-68.0,0.36,0.66,0.8,1.0,18.0,32.0,25.0,15.0,-21.0,-68.0,0.8,1.0,0.8,0.64,0.375,0.64,0.38095238095238093,0.0,1.0,0.375,0.64,-68.0,-21.0,,0.38095238095238093
103,103,-116.0,-42.0,0.94,0.24,1.0,1.0,37.0,13.0,4.0,46.0,-116.0,-42.0,1.0,1.0,1.0,0.26,0.92,0.26,0.92,0.0,0.0,,,,,,
104,104,-39.0,-34.0,0.88,0.76,1.0,1.0,13.0,37.0,6.0,44.0,-39.0,-34.0,1.0,1.0,1.0,0.74,0.88,0.74,0.88,0.0,0.0,,,,,,
105,105,25.0,56.0,0.4,0.56,1.0,0.8,19.0,21.0,30.0,20.0,25.0,56.0,0.8,0.8,1.0,0.525,0.4,0.5238095238095238,0.4,1.0,0.0,0.525,0.4,25.0,56.0,,0.5238095238095238
106,106,26.0,73.0,0.3,0.88,0.2,1.0,6.0,44.0,5.0,5.0,26.0,73.0,0.2,1.0,0.2,0.88,0.5,0.88,0.5,0.0,1.0,0.5,0.88,73.0,26.0,,0.5
107,107,11.0,42.0,0.72,0.44,1.0,1.0,27.0,23.0,13.0,37.0,11.0,42.0,1.0,1.0,1.0,0.46,0.74,0.46,0.74,0.0,0.0,,,,,,
108,108,23.0,7.0,0.68,0.64,1.0,1.0,17.0,33.0,16.0,34.0,23.0,7.0,1.0,1.0,1.0,0.66,0.68,0.66,0.68,0.0,0.0,,,,,,
109,109,47.0,24.0,0.8,0.72,1.0,1.0,13.0,37.0,11.0,39.0,47.0,24.0,1.0,1.0,1.0,0.74,0.78,0.74,0.78,0.0,0.0,,,,,,
110,110,-85.0,-78.0,0.18,0.18,1.0,1.0,41.0,9.0,40.0,10.0,-85.0,-78.0,1.0,1.0,1.0,0.18,0.2,0.18,0.2,0.0,0.0,,,,,,
111,111,-89.0,-74.0,0.7,0.6,1.0,0.06,1.0,2.0,15.0,35.0,-89.0,-74.0,0.06,0.06,1.0,0.6666666666666666,0.7,0.6,0.7,1.0,0.0,0.6666666666666666,0.7,-89.0,-74.0,,0.6
112,112,-42.0,-61.0,0.52,0.76,1.0,1.0,12.0,38.0,25.0,25.0,-42.0,-61.0,1.0,1.0,1.0,0.76,0.5,0.76,0.5,0.0,0.0,,,,,,
113,113,-47.0,-24.0,0.8,0.72,1.0,1.0,13.0,37.0,11.0,39.0,-47.0,-24.0,1.0,1.0,1.0,0.74,0.78,0.74,0.78,0.0,0.0,,,,,,
114,114,-62.0,-134.0,0.2,0.26,1.0,1.0,36.0,14.0,40.0,10.0,-62.0,-134.0,1.0,1.0,1.0,0.28,0.2,0.28,0.2,0.0,0.0,,,,,,
115,115,55.0,100.0,0.9,0.62,0.8,1.0,19.0,31.0,6.0,34.0,55.0,100.0,0.8,1.0,0.8,0.62,0.85,0.62,0.8333333333333334,0.0,1.0,0.85,0.62,100.0,55.0,,0.8333333333333334
116,116,31.0,31.0,0.48,0.96,1.0,1.0,3.0,47.0,25.0,25.0,31.0,31.0,1.0,1.0,1.0,0.94,0.5,0.94,0.5,0.0,0.0,,,,,,
117,117,5.0,12.0,0.56,0.7,1.0,1.0,14.0,36.0,22.0,28.0,5.0,12.0,1.0,1.0,1.0,0.72,0.56,0.72,0.56,0.0,0.0,,,,,,
118,118,50.0,81.0,0.38,0.64,1.0,0.02,1.0,0.0,31.0,19.0,50.0,81.0,0.02,0.02,1.0,0.0,0.38,0.3333333333333333,0.38,1.0,0.0,0.0,0.38,50.0,81.0,,0.3333333333333333
119,119,7.0,14.0,0.42,0.84,1.0,1.0,9.0,41.0,27.0,23.0,7.0,14.0,1.0,1.0,1.0,0.82,0.46,0.82,0.46,0.0,0.0,,,,,,
120,120,-7.0,-21.0,0.24,0.6,0.4,1.0,20.0,30.0,13.0,7.0,-7.0,-21.0,0.4,1.0,0.4,0.6,0.35,0.6,0.36363636363636365,0.0,1.0,0.35,0.6,-21.0,-7.0,,0.36363636363636365
121,121,-20.0,-44.0,0.42,0.86,0.2,1.0,7.0,43.0,1.0,9.0,-20.0,-44.0,0.2,1.0,0.2,0.86,0.9,0.86,0.8333333333333334,0.0,1.0,0.9,0.86,-44.0,-20.0,,0.8333333333333334
122,122,-17.0,-100.0,0.12,0.88,0.02,1.0,6.0,44.0,0.0,1.0,-17.0,-100.0,0.02,1.0,0.02,0.88,1.0,0.88,0.6666666666666666,0.0,1.0,1.0,0.88,-100.0,-17.0,,0.6666666666666666
123,123,-18.0,-47.0,0.32,0.84,1.0,1.0,8.0,42.0,33.0,17.0,-18.0,-47.0,1.0,1.0,1.0,0.84,0.34,0.84,0.34,0.0,0.0,,,,,,
124,124,-15.0,-53.0,0.32,0.96,1.0,1.0,3.0,47.0,33.0,17.0,-15.0,-53.0,1.0,1.0,1.0,0.94,0.34,0.94,0.34,0.0,0.0,,,,,,
125,125,7.0,5.0,0.96,0.68,1.0,1.0,16.0,34.0,2.0,48.0,7.0,5.0,1.0,1.0,1.0,0.68,0.96,0.68,0.96,0.0,0.0,,,,,,
126,126,74.0,78.0,0.76,0.92,1.0,0.4,1.0,19.0,12.0,38.0,74.0,78.0,0.4,0.4,1.0,0.95,0.76,0.9090909090909091,0.76,1.0,0.0,0.95,0.76,74.0,78.0,,0.9090909090909091
127,127,16.0,15.0,0.6,0.58,1.0,0.06,0.0,3.0,20.0,30.0,16.0,15.0,0.06,0.06,1.0,1.0,0.6,0.8,0.6,1.0,0.0,1.0,0.6,16.0,15.0,,0.8
128,128,100.0,74.0,0.36,0.28,1.0,0.02,0.0,1.0,32.0,18.0,100.0,74.0,0.02,0.02,1.0,1.0,0.36,0.6666666666666666,0.36,1.0,0.0,1.0,0.36,100.0,74.0,,0.6666666666666666
129,129,115.0,94.0,0.64,0.52,0.2,1.0,24.0,26.0,3.0,7.0,115.0,94.0,0.2,1.0,0.2,0.52,0.7,0.52,0.6666666666666666,0.0,1.0,0.7,0.52,94.0,115.0,,0.6666666666666666
130,130,-98.0,-80.0,0.92,0.64,0.1,1.0,18.0,32.0,0.0,5.0,-98.0,-80.0,0.1,1.0,0.1,0.64,1.0,0.64,0.8571428571428571,0.0,1.0,1.0,0.64,-80.0,-98.0,,0.8571428571428571
131,131,-125.0,-5.0,0.92,0.04,1.0,1.0,48.0,2.0,4.0,46.0,-125.0,-5.0,1.0,1.0,1.0,0.04,0.92,0.04,0.92,0.0,0.0,,,,,,
132,132,-7.0,-45.0,0.22,0.68,0.02,1.0,16.0,34.0,1.0,0.0,-7.0,-45.0,0.02,1.0,0.02,0.68,0.0,0.68,0.3333333333333333,0.0,1.0,0.0,0.68,-45.0,-7.0,,0.3333333333333333
133,133,-98.0,-90.0,0.92,0.36,1.0,0.06,1.0,2.0,4.0,46.0,-98.0,-90.0,0.06,0.06,1.0,0.6666666666666666,0.92,0.6,0.92,1.0,0.0,0.6666666666666666,0.92,-98.0,-90.0,,0.6
134,134,-45.0,-21.0,0.66,0.36,1.0,0.02,1.0,0.0,16.0,34.0,-45.0,-21.0,0.02,0.02,1.0,0.0,0.68,0.3333333333333333,0.68,1.0,0.0,0.0,0.68,-45.0,-21.0,,0.3333333333333333
135,135,6.0,5.0,0.92,0.84,1.0,1.0,8.0,42.0,4.0,46.0,6.0,5.0,1.0,1.0,1.0,0.84,0.92,0.84,0.92,0.0,0.0,,,,,,
136,136,34.0,94.0,0.16,0.88,1.0,1.0,7.0,43.0,41.0,9.0,34.0,94.0,1.0,1.0,1.0,0.86,0.18,0.86,0.18,0.0,0.0,,,,,,
137,137,54.0,74.0,0.34,0.6,1.0,0.2,5.0,5.0,31.0,19.0,54.0,74.0,0.2,0.2,1.0,0.5,0.38,0.5,0.38,1.0,0.0,0.5,0.38,54.0,74.0,,0.5
138,138,8.0,9.0,0.48,0.26,1.0,1.0,37.0,13.0,25.0,25.0,8.0,9.0,1.0,1.0,1.0,0.26,0.5,0.26,0.5,0.0,0.0,,,,,,
139,139,7.0,45.0,0.22,0.68,0.02,1.0,16.0,34.0,1.0,0.0,7.0,45.0,0.02,1.0,0.02,0.68,0.0,0.68,0.3333333333333333,0.0,1.0,0.0,0.68,45.0,7.0,,0.3333333333333333
140,140,115.0,5.0,0.92,0.52,0.4,1.0,23.0,27.0,3.0,17.0,115.0,5.0,0.4,1.0,0.4,0.54,0.85,0.54,0.8181818181818182,0.0,1.0,0.85,0.54,5.0,115.0,,0.8181818181818182
141,141,77.0,118.0,0.56,0.76,1.0,1.0,12.0,38.0,23.0,27.0,77.0,118.0,1.0,1.0,1.0,0.76,0.54,0.76,0.54,0.0,0.0,,,,,,
142,142,29.0,25.0,0.92,0.86,1.0,1.0,6.0,44.0,4.0,46.0,29.0,25.0,1.0,1.0,1.0,0.88,0.92,0.88,0.92,0.0,0.0,,,,,,
143,143,91.0,84.0,0.84,0.68,1.0,0.4,7.0,13.0,8.0,42.0,91.0,84.0,0.4,0.4,1.0,0.65,0.84,0.6363636363636364,0.84,1.0,0.0,0.65,0.84,91.0,84.0,,0.6363636363636364
144,144,144.0,114.0,0.48,0.44,1.0,1.0,28.0,22.0,26.0,24.0,144.0,114.0,1.0,1.0,1.0,0.44,0.48,0.44,0.48,0.0,0.0,,,,,,
145,145,-93.0,-127.0,0.4,0.64,1.0,1.0,19.0,31.0,30.0,20.0,-93.0,-127.0,1.0,1.0,1.0,0.62,0.4,0.62,0.4,0.0,0.0,,,,,,
146,146,-13.0,-9.0,0.48,0.62,0.02,1.0,20.0,30.0,0.0,1.0,-13.0,-9.0,0.02,1.0,0.02,0.6,1.0,0.6,0.6666666666666666,0.0,1.0,1.0,0.6,-9.0,-13.0,,0.6666666666666666
147,147,-16.0,-46.0,0.3,0.64,0.4,1.0,18.0,32.0,15.0,5.0,-16.0,-46.0,0.4,1.0,0.4,0.64,0.25,0.64,0.2727272727272727,0.0,1.0,0.25,0.64,-46.0,-16.0,,0.2727272727272727
148,148,-25.0,-16.0,0.9,0.44,0.06,1.0,26.0,24.0,1.0,2.0,-25.0,-16.0,0.06,1.0,0.06,0.48,0.6666666666666666,0.48,0.6,0.0,1.0,0.6666666666666666,0.48,-16.0,-25.0,,0.6
149,149,-23.0,-7.0,0.68,0.64,1.0,1.0,17.0,33.0,16.0,34.0,-23.0,-7.0,1.0,1.0,1.0,0.66,0.68,0.66,0.68,0.0,0.0,,,,,,
150,150,-87.0,-55.0,0.8,0.4,1.0,0.1,4.0,1.0,10.0,40.0,-87.0,-55.0,0.1,0.1,1.0,0.2,0.8,0.2857142857142857,0.8,1.0,0.0,0.2,0.8,-87.0,-55.0,,0.2857142857142857
151,151,-136.0,-29.0,0.52,0.44,1.0,1.0,28.0,22.0,24.0,26.0,-136.0,-29.0,1.0,1.0,1.0,0.44,0.52,0.44,0.52,0.0,0.0,,,,,,
152,152,-33.0,-20.0,0.56,0.1,0.1,1.0,46.0,4.0,1.0,4.0,-33.0,-20.0,0.1,1.0,0.1,0.08,0.8,0.08,0.7142857142857143,0.0,1.0,0.8,0.08,-20.0,-33.0,,0.7142857142857143
153,153,-11.0,-19.0,0.5,0.5,1.0,1.0,24.0,26.0,26.0,24.0,-11.0,-19.0,1.0,1.0,1.0,0.52,0.48,0.52,0.48,0.0,0.0,,,,,,
154,154,-85.0,-70.0,0.9,0.32,0.8,1.0,33.0,17.0,6.0,34.0,-85.0,-70.0,0.8,1.0,0.8,0.34,0.85,0.34,0.8333333333333334,0.0,1.0,0.85,0.34,-70.0,-85.0,,0.8333333333333334
155,155,138.0,106.0,0.6,0.48,1.0,1.0,25.0,25.0,21.0,29.0,138.0,106.0,1.0,1.0,1.0,0.5,0.58,0.5,0.58,0.0,0.0,,,,,,
156,156,30.0,63.0,0.48,0.56,1.0,0.1,3.0,2.0,26.0,24.0,30.0,63.0,0.1,0.1,1.0,0.4,0.48,0.42857142857142855,0.48,1.0,0.0,0.4,0.48,30.0,63.0,,0.42857142857142855
157,157,67.0,66.0,0.84,0.76,0.8,1.0,12.0,38.0,9.0,31.0,67.0,66.0,0.8,1.0,0.8,0.76,0.775,0.76,0.7619047619047619,0.0,1.0,0.775,0.76,66.0,67.0,,0.7619047619047619
158,158,30.0,48.0,0.56,0.76,1.0,1.0,12.0,38.0,22.0,28.0,30.0,48.0,1.0,1.0,1.0,0.76,0.56,0.76,0.56,0.0,0.0,,,,,,
159,159,101.0,82.0,0.84,0.68,1.0,0.4,5.0,15.0,8.0,42.0,101.0,82.0,0.4,0.4,1.0,0.75,0.84,0.7272727272727273,0.84,1.0,0.0,0.75,0.84,101.0,82.0,,0.7272727272727273
160,160,-91.0,-84.0,0.84,0.68,1.0,0.4,7.0,13.0,8.0,42.0,-91.0,-84.0,0.4,0.4,1.0,0.65,0.84,0.6363636363636364,0.84,1.0,0.0,0.65,0.84,-91.0,-84.0,,0.6363636363636364
161,161,-63.0,-13.0,0.4,0.48,1.0,1.0,25.0,25.0,30.0,20.0,-63.0,-13.0,1.0,1.0,1.0,0.5,0.4,0.5,0.4,0.0,0.0,,,,,,
162,162,-35.0,-47.0,0.4,0.6,1.0,0.1,2.0,3.0,30.0,20.0,-35.0,-47.0,0.1,0.1,1.0,0.6,0.4,0.5714285714285714,0.4,1.0,0.0,0.6,0.4,-35.0,-47.0,,0.5714285714285714
163,163,-7.0,-5.0,0.76,0.84,1.0,1.0,9.0,41.0,11.0,39.0,-7.0,-5.0,1.0,1.0,1.0,0.82,0.78,0.82,0.78,0.0,0.0,,,,,,
164,164,-11.0,-14.0,0.24,0.48,1.0,1.0,26.0,24.0,37.0,13.0,-11.0,-14.0,1.0,1.0,1.0,0.48,0.26,0.48,0.26,0.0,0.0,,,,,,
165,165,37.0,100.0,0.2,0.82,1.0,1.0,10.0,40.0,39.0,11.0,37.0,100.0,1.0,1.0,1.0,0.8,0.22,0.8,0.22,0.0,0.0,,,,,,
166,166,39.0,75.0,0.8,0.76,1.0,1.0,12.0,38.0,9.0,41.0,39.0,75.0,1.0,1.0,1.0,0.76,0.82,0.76,0.82,0.0,0.0,,,,,,
167,167,136.0,29.0,0.52,0.44,1.0,1.0,28.0,22.0,24.0,26.0,136.0,29.0,1.0,1.0,1.0,0.44,0.52,0.44,0.52,0.0,0.0,,,,,,
168,168,87.0,55.0,0.8,0.4,1.0,0.1,4.0,1.0,10.0,40.0,87.0,55.0,0.1,0.1,1.0,0.2,0.8,0.2857142857142857,0.8,1.0,0.0,0.2,0.8,87.0,55.0,,0.2857142857142857
169,169,85.0,70.0,0.9,0.32,0.8,1.0,33.0,17.0,6.0,34.0,85.0,70.0,0.8,1.0,0.8,0.34,0.85,0.34,0.8333333333333334,0.0,1.0,0.85,0.34,70.0,85.0,,0.8333333333333334
170,170,16.0,46.0,0.3,0.64,0.4,1.0,18.0,32.0,15.0,5.0,16.0,46.0,0.4,1.0,0.4,0.64,0.25,0.64,0.2727272727272727,0.0,1.0,0.25,0.64,46.0,16.0,,0.2727272727272727
171,171,96.0,86.0,0.8,0.76,1.0,1.0,12.0,38.0,10.0,40.0,96.0,86.0,1.0,1.0,1.0,0.76,0.8,0.76,0.8,0.0,0.0,,,,,,
172,172,29.0,48.0,0.36,0.32,1.0,1.0,33.0,17.0,32.0,18.0,29.0,48.0,1.0,1.0,1.0,0.34,0.36,0.34,0.36,0.0,0.0,,,,,,
173,173,100.0,60.0,0.88,0.12,1.0,0.06,2.0,1.0,7.0,43.0,100.0,60.0,0.06,0.06,1.0,0.3333333333333333,0.86,0.4,0.86,1.0,0.0,0.3333333333333333,0.86,100.0,60.0,,0.4
174,174,38.0,27.0,0.56,0.8,1.0,1.0,10.0,40.0,23.0,27.0,38.0,27.0,1.0,1.0,1.0,0.8,0.54,0.8,0.54,0.0,0.0,,,,,,
175,175,-11.0,-16.0,0.4,0.28,1.0,1.0,37.0,13.0,29.0,21.0,-11.0,-16.0,1.0,1.0,1.0,0.26,0.42,0.26,0.42,0.0,0.0,,,,,,
176,176,-100.0,-84.0,0.28,0.36,0.06,1.0,32.0,18.0,2.0,1.0,-100.0,-84.0,0.06,1.0,0.06,0.36,0.3333333333333333,0.36,0.4,0.0,1.0,0.3333333333333333,0.36,-84.0,-100.0,,0.4
177,177,-106.0,-44.0,0.62,0.28,1.0,1.0,36.0,14.0,18.0,32.0,-106.0,-44.0,1.0,1.0,1.0,0.28,0.64,0.28,0.64,0.0,0.0,,,,,,
178,178,-4.0,-15.0,0.9,0.74,1.0,1.0,12.0,38.0,5.0,45.0,-4.0,-15.0,1.0,1.0,1.0,0.76,0.9,0.76,0.9,0.0,0.0,,,,,,
179,179,-4.0,-11.0,0.22,0.68,1.0,0.4,5.0,15.0,39.0,11.0,-4.0,-11.0,0.4,0.4,1.0,0.75,0.22,0.7272727272727273,0.22,1.0,0.0,0.75,0.22,-4.0,-11.0,,0.7272727272727273
180,180,-29.0,-25.0,0.92,0.86,1.0,1.0,6.0,44.0,4.0,46.0,-29.0,-25.0,1.0,1.0,1.0,0.88,0.92,0.88,0.92,0.0,0.0,,,,,,
181,181,-54.0,-132.0,0.48,0.88,1.0,1.0,6.0,44.0,26.0,24.0,-54.0,-132.0,1.0,1.0,1.0,0.88,0.48,0.88,0.48,0.0,0.0,,,,,,
182,182,-88.0,-80.0,0.68,0.76,0.02,1.0,12.0,38.0,1.0,0.0,-88.0,-80.0,0.02,1.0,0.02,0.76,0.0,0.76,0.3333333333333333,0.0,1.0,0.0,0.76,-80.0,-88.0,,0.3333333333333333
183,183,-125.0,-63.0,0.48,0.04,1.0,1.0,48.0,2.0,25.0,25.0,-125.0,-63.0,1.0,1.0,1.0,0.04,0.5,0.04,0.5,0.0,0.0,,,,,,
184,184,-72.0,-60.0,0.6,0.36,1.0,1.0,31.0,19.0,20.0,30.0,-72.0,-60.0,1.0,1.0,1.0,0.38,0.6,0.38,0.6,0.0,0.0,,,,,,
185,185,20.0,25.0,0.44,0.9,1.0,0.02,1.0,0.0,26.0,24.0,20.0,25.0,0.02,0.02,1.0,0.0,0.48,0.3333333333333333,0.48,1.0,0.0,0.0,0.48,20.0,25.0,,0.3333333333333333
186,186,44.0,61.0,0.26,0.34,1.0,1.0,33.0,17.0,36.0,14.0,44.0,61.0,1.0,1.0,1.0,0.34,0.28,0.34,0.28,0.0,0.0,,,,,,
187,187,4.0,15.0,0.9,0.74,1.0,1.0,12.0,38.0,5.0,45.0,4.0,15.0,1.0,1.0,1.0,0.76,0.9,0.76,0.9,0.0,0.0,,,,,,
188,188,90.0,60.0,0.44,0.44,0.06,1.0,26.0,24.0,2.0,1.0,90.0,60.0,0.06,1.0,0.06,0.48,0.3333333333333333,0.48,0.4,0.0,1.0,0.3333333333333333,0.48,60.0,90.0,,0.4
189,189,11.0,2.0,0.78,0.96,1.0,1.0,2.0,48.0,12.0,38.0,11.0,2.0,1.0,1.0,1.0,0.96,0.76,0.96,0.76,0.0,0.0,,,,,,
190,190,12.0,134.0,0.06,0.72,1.0,1.0,14.0,36.0,46.0,4.0,12.0,134.0,1.0,1.0,1.0,0.72,0.08,0.72,0.08,0.0,0.0,,,,,,
191,191,11.0,8.0,0.68,0.22,0.2,1.0,39.0,11.0,2.0,8.0,11.0,8.0,0.2,1.0,0.2,0.22,0.8,0.22,0.75,0.0,1.0,0.8,0.22,8.0,11.0,,0.75
192,192,13.0,9.0,0.48,0.62,0.02,1.0,20.0,30.0,0.0,1.0,13.0,9.0,0.02,1.0,0.02,0.6,1.0,0.6,0.6666666666666666,0.0,1.0,1.0,0.6,9.0,13.0,,0.6666666666666666
193,193,47.0,99.0,0.16,0.64,0.4,1.0,19.0,31.0,17.0,3.0,47.0,99.0,0.4,1.0,0.4,0.62,0.15,0.62,0.18181818181818182,0.0,1.0,0.15,0.62,99.0,47.0,,0.18181818181818182
194,194,60.0,50.0,0.46,0.3,0.1,1.0,35.0,15.0,3.0,2.0,60.0,50.0,0.1,1.0,0.1,0.3,0.4,0.3,0.42857142857142855,0.0,1.0,0.4,0.3,50.0,60.0,,0.42857142857142855
195,195,-94.0,-75.0,0.88,0.3,0.8,1.0,41.0,9.0,15.0,25.0,-94.0,-75.0,0.8,1.0,0.8,0.18,0.625,0.18,0.6190476190476191,0.0,1.0,0.625,0.18,-75.0,-94.0,,0.6190476190476191
196,196,-47.0,-99.0,0.16,0.64,0.4,1.0,19.0,31.0,17.0,3.0,-47.0,-99.0,0.4,1.0,0.4,0.62,0.15,0.62,0.18181818181818182,0.0,1.0,0.15,0.62,-99.0,-47.0,,0.18181818181818182
197,197,-60.0,-50.0,0.46,0.3,0.1,1.0,35.0,15.0,3.0,2.0,-60.0,-50.0,0.1,1.0,0.1,0.3,0.4,0.3,0.42857142857142855,0.0,1.0,0.4,0.3,-50.0,-60.0,,0.42857142857142855
198,198,-5.0,-12.0,0.56,0.7,1.0,1.0,14.0,36.0,22.0,28.0,-5.0,-12.0,1.0,1.0,1.0,0.72,0.56,0.72,0.56,0.0,0.0,,,,,,
199,199,-30.0,-63.0,0.48,0.56,1.0,0.1,3.0,2.0,26.0,24.0,-30.0,-63.0,0.1,0.1,1.0,0.4,0.48,0.42857142857142855,0.48,1.0,0.0,0.4,0.48,-30.0,-63.0,,0.42857142857142855
200,200,-60.0,-94.0,0.16,0.88,1.0,0.02,0.0,1.0,42.0,8.0,-60.0,-94.0,0.02,0.02,1.0,1.0,0.16,0.6666666666666666,0.16,1.0,0.0,1.0,0.16,-60.0,-94.0,,0.6666666666666666
201,201,-94.0,-100.0,0.52,0.64,1.0,0.4,12.0,8.0,25.0,25.0,-94.0,-100.0,0.4,0.4,1.0,0.4,0.5,0.4090909090909091,0.5,1.0,0.0,0.4,0.5,-94.0,-100.0,,0.4090909090909091
202,202,-31.0,-75.0,0.4,0.16,1.0,1.0,42.0,8.0,30.0,20.0,-31.0,-75.0,1.0,1.0,1.0,0.16,0.4,0.16,0.4,0.0,0.0,,,,,,
203,203,-9.0,-13.0,0.62,0.48,1.0,0.8,20.0,20.0,19.0,31.0,-9.0,-13.0,0.8,0.8,1.0,0.5,0.62,0.5,0.62,1.0,0.0,0.5,0.62,-9.0,-13.0,,0.5
204,204,-70.0,-80.0,0.8,0.75,1.0,0.8,15.0,25.0,10.0,40.0,-70.0,-80.0,0.8,0.8,1.0,0.625,0.8,0.6190476190476191,0.8,1.0,0.0,0.625,0.8,-70.0,-80.0,,0.6190476190476191
205,205,9.0,13.0,0.62,0.48,1.0,0.8,20.0,20.0,19.0,31.0,9.0,13.0,0.8,0.8,1.0,0.5,0.62,0.5,0.62,1.0,0.0,0.5,0.62,9.0,13.0,,0.5
206,206,45.0,94.0,0.16,0.88,1.0,0.2,3.0,7.0,41.0,9.0,45.0,94.0,0.2,0.2,1.0,0.7,0.18,0.6666666666666666,0.18,1.0,0.0,0.7,0.18,45.0,94.0,,0.6666666666666666
207,207,28.0,40.0,0.38,0.74,1.0,1.0,13.0,37.0,31.0,19.0,28.0,40.0,1.0,1.0,1.0,0.74,0.38,0.74,0.38,0.0,0.0,,,,,,
208,208,62.0,22.0,0.68,0.28,1.0,1.0,37.0,13.0,15.0,35.0,62.0,22.0,1.0,1.0,1.0,0.26,0.7,0.26,0.7,0.0,0.0,,,,,,
209,209,118.0,32.0,0.38,0.2,1.0,1.0,39.0,11.0,31.0,19.0,118.0,32.0,1.0,1.0,1.0,0.22,0.38,0.22,0.38,0.0,0.0,,,,,,
210,210,-60.0,-81.0,0.38,0.64,1.0,0.2,3.0,7.0,31.0,19.0,-60.0,-81.0,0.2,0.2,1.0,0.7,0.38,0.6666666666666666,0.38,1.0,0.0,0.7,0.38,-60.0,-81.0,,0.6666666666666666
211,211,-100.0,-60.0,0.88,0.12,1.0,0.06,2.0,1.0,7.0,43.0,-100.0,-60.0,0.06,0.06,1.0,0.3333333333333333,0.86,0.4,0.86,1.0,0.0,0.3333333333333333,0.86,-100.0,-60.0,,0.4
212,212,-30.0,-48.0,0.56,0.76,1.0,1.0,12.0,38.0,22.0,28.0,-30.0,-48.0,1.0,1.0,1.0,0.76,0.56,0.76,0.56,0.0,0.0,,,,,,
213,213,-68.0,-40.0,0.52,0.44,0.2,1.0,26.0,24.0,8.0,2.0,-68.0,-40.0,0.2,1.0,0.2,0.48,0.2,0.48,0.25,0.0,1.0,0.2,0.48,-40.0,-68.0,,0.25
214,214,-37.0,-100.0,0.2,0.82,1.0,1.0,10.0,40.0,39.0,11.0,-37.0,-100.0,1.0,1.0,1.0,0.8,0.22,0.8,0.22,0.0,0.0,,,,,,
215,215,-78.0,-101.0,0.64,0.76,1.0,1.0,13.0,37.0,17.0,33.0,-78.0,-101.0,1.0,1.0,1.0,0.74,0.66,0.74,0.66,0.0,0.0,,,,,,
216,216,-36.0,-21.0,0.24,0.84,1.0,1.0,9.0,41.0,37.0,13.0,-36.0,-21.0,1.0,1.0,1.0,0.82,0.26,0.82,0.26,0.0,0.0,,,,,,
217,217,-125.0,-80.0,0.56,0.48,0.02,1.0,27.0,23.0,0.0,1.0,-125.0,-80.0,0.02,1.0,0.02,0.46,1.0,0.46,0.6666666666666666,0.0,1.0,1.0,0.46,-80.0,-125.0,,0.6666666666666666
218,218,-8.0,-12.0,0.92,0.76,1.0,0.1,1.0,4.0,4.0,46.0,-8.0,-12.0,0.1,0.1,1.0,0.8,0.92,0.7142857142857143,0.92,1.0,0.0,0.8,0.92,-8.0,-12.0,,0.7142857142857143
219,219,-40.0,-51.0,0.36,0.38,0.06,1.0,31.0,19.0,2.0,1.0,-40.0,-51.0,0.06,1.0,0.06,0.38,0.3333333333333333,0.38,0.4,0.0,1.0,0.3333333333333333,0.38,-51.0,-40.0,,0.4
220,220,20.0,44.0,0.42,0.86,0.2,1.0,7.0,43.0,1.0,9.0,20.0,44.0,0.2,1.0,0.2,0.86,0.9,0.86,0.8333333333333334,0.0,1.0,0.9,0.86,44.0,20.0,,0.8333333333333334
221,221,42.0,71.0,0.84,0.72,0.06,1.0,14.0,36.0,0.0,3.0,42.0,71.0,0.06,1.0,0.06,0.72,1.0,0.72,0.8,0.0,1.0,1.0,0.72,71.0,42.0,,0.8
222,222,15.0,17.0,0.58,0.58,1.0,1.0,21.0,29.0,21.0,29.0,15.0,17.0,1.0,1.0,1.0,0.58,0.58,0.58,0.58,0.0,0.0,,,,,,
223,223,130.0,68.0,0.42,0.22,1.0,1.0,38.0,12.0,28.0,22.0,130.0,68.0,1.0,1.0,1.0,0.24,0.44,0.24,0.44,0.0,0.0,,,,,,
224,224,70.0,80.0,0.8,0.75,1.0,0.8,15.0,25.0,10.0,40.0,70.0,80.0,0.8,0.8,1.0,0.625,0.8,0.6190476190476191,0.8,1.0,0.0,0.625,0.8,70.0,80.0,,0.6190476190476191
225,225,-62.0,-22.0,0.68,0.28,1.0,1.0,37.0,13.0,15.0,35.0,-62.0,-22.0,1.0,1.0,1.0,0.26,0.7,0.26,0.7,0.0,0.0,,,,,,
226,226,-22.0,-23.0,0.7,0.66,1.0,1.0,17.0,33.0,15.0,35.0,-22.0,-23.0,1.0,1.0,1.0,0.66,0.7,0.66,0.7,0.0,0.0,,,,,,
227,227,-63.0,-8.0,0.8,0.48,1.0,0.1,3.0,2.0,10.0,40.0,-63.0,-8.0,0.1,0.1,1.0,0.4,0.8,0.42857142857142855,0.8,1.0,0.0,0.4,0.8,-63.0,-8.0,,0.42857142857142855
228,228,-74.0,-88.0,0.6,0.68,1.0,0.06,1.0,2.0,20.0,30.0,-74.0,-88.0,0.06,0.06,1.0,0.6666666666666666,0.6,0.6,0.6,1.0,0.0,0.6666666666666666,0.6,-74.0,-88.0,,0.6
229,229,-16.0,-15.0,0.6,0.58,1.0,0.06,0.0,3.0,20.0,30.0,-16.0,-15.0,0.06,0.06,1.0,1.0,0.6,0.8,0.6,1.0,0.0,1.0,0.6,-16.0,-15.0,,0.8
230,230,-39.0,-75.0,0.8,0.76,1.0,1.0,12.0,38.0,9.0,41.0,-39.0,-75.0,1.0,1.0,1.0,0.76,0.82,0.76,0.82,0.0,0.0,,,,,,
231,231,-19.0,-48.0,0.68,0.8,1.0,1.0,10.0,40.0,16.0,34.0,-19.0,-48.0,1.0,1.0,1.0,0.8,0.68,0.8,0.68,0.0,0.0,,,,,,
232,232,-16.0,-8.0,0.6,0.96,1.0,1.0,2.0,48.0,20.0,30.0,-16.0,-8.0,1.0,1.0,1.0,0.96,0.6,0.96,0.6,0.0,0.0,,,,,,
233,233,-25.0,-56.0,0.4,0.56,1.0,0.8,19.0,21.0,30.0,20.0,-25.0,-56.0,0.8,0.8,1.0,0.525,0.4,0.5238095238095238,0.4,1.0,0.0,0.525,0.4,-25.0,-56.0,,0.5238095238095238
234,234,-26.0,-73.0,0.3,0.88,0.2,1.0,6.0,44.0,5.0,5.0,-26.0,-73.0,0.2,1.0,0.2,0.88,0.5,0.88,0.5,0.0,1.0,0.5,0.88,-73.0,-26.0,,0.5
235,235,-39.0,-52.0,0.64,0.94,1.0,1.0,3.0,47.0,18.0,32.0,-39.0,-52.0,1.0,1.0,1.0,0.94,0.64,0.94,0.64,0.0,0.0,,,,,,
236,236,-54.0,-74.0,0.34,0.6,1.0,0.4,5.0,15.0,31.0,19.0,-54.0,-74.0,0.4,0.4,1.0,0.75,0.38,0.7272727272727273,0.38,1.0,0.0,0.75,0.38,-54.0,-74.0,,0.7272727272727273
237,237,-80.0,-23.0,0.82,0.22,1.0,0.1,4.0,1.0,4.0,46.0,-80.0,-23.0,0.1,0.1,1.0,0.2,0.92,0.2857142857142857,0.92,1.0,0.0,0.2,0.92,-80.0,-23.0,,0.2857142857142857
238,238,-38.0,-45.0,0.48,0.5,1.0,0.8,20.0,20.0,26.0,24.0,-38.0,-45.0,0.8,0.8,1.0,0.5,0.48,0.5,0.48,1.0,0.0,0.5,0.48,-38.0,-45.0,,0.5
239,239,-28.0,-40.0,0.38,0.74,1.0,1.0,13.0,37.0,31.0,19.0,-28.0,-40.0,1.0,1.0,1.0,0.74,0.38,0.74,0.38,0.0,0.0,,,,,,
240,240,21.0,60.0,0.36,0.66,0.2,1.0,18.0,32.0,6.0,4.0,21.0,60.0,0.2,1.0,0.2,0.64,0.4,0.64,0.4166666666666667,0.0,1.0,0.4,0.64,60.0,21.0,,0.4166666666666667
241,241,11.0,16.0,0.4,0.28,1.0,1.0,37.0,13.0,29.0,21.0,11.0,16.0,1.0,1.0,1.0,0.26,0.42,0.26,0.42,0.0,0.0,,,,,,
242,242,7.0,5.0,0.76,0.84,1.0,1.0,9.0,41.0,11.0,39.0,7.0,5.0,1.0,1.0,1.0,0.82,0.78,0.82,0.78,0.0,0.0,,,,,,
243,243,11.0,8.0,0.64,0.44,0.06,1.0,27.0,23.0,1.0,2.0,11.0,8.0,0.06,1.0,0.06,0.46,0.6666666666666666,0.46,0.6,0.0,1.0,0.6666666666666666,0.46,8.0,11.0,,0.6
244,244,40.0,50.0,0.5,0.72,1.0,0.1,1.0,4.0,25.0,25.0,40.0,50.0,0.1,0.1,1.0,0.8,0.5,0.7142857142857143,0.5,1.0,0.0,0.8,0.5,40.0,50.0,,0.7142857142857143
245,245,-33.0,-60.0,0.26,0.42,0.4,1.0,28.0,22.0,17.0,3.0,-33.0,-60.0,0.4,1.0,0.4,0.44,0.15,0.44,0.18181818181818182,0.0,1.0,0.15,0.44,-60.0,-33.0,,0.18181818181818182
246,246,-101.0,-82.0,0.84,0.68,1.0,0.4,5.0,15.0,8.0,42.0,-101.0,-82.0,0.4,0.4,1.0,0.75,0.84,0.7272727272727273,0.84,1.0,0.0,0.75,0.84,-101.0,-82.0,,0.7272727272727273
247,247,-30.0,-29.0,0.94,0.88,1.0,1.0,6.0,44.0,4.0,46.0,-30.0,-29.0,1.0,1.0,1.0,0.88,0.92,0.88,0.92,0.0,0.0,,,,,,
248,248,-80.0,-89.0,0.68,0.8,1.0,1.0,10.0,40.0,16.0,34.0,-80.0,-89.0,1.0,1.0,1.0,0.8,0.68,0.8,0.68,0.0,0.0,,,,,,
249,249,-34.0,-94.0,0.16,0.88,1.0,1.0,7.0,43.0,41.0,9.0,-34.0,-94.0,1.0,1.0,1.0,0.86,0.18,0.86,0.18,0.0,0.0,,,,,,
250,250,97.0,86.0,0.68,0.64,1.0,1.0,18.0,32.0,16.0,34.0,97.0,86.0,1.0,1.0,1.0,0.64,0.68,0.64,0.68,0.0,0.0,,,,,,
251,251,80.0,23.0,0.82,0.22,1.0,0.1,4.0,1.0,4.0,46.0,80.0,23.0,0.1,0.1,1.0,0.2,0.92,0.2857142857142857,0.92,1.0,0.0,0.2,0.92,80.0,23.0,,0.2857142857142857
252,252,74.0,88.0,0.6,0.68,1.0,0.06,1.0,2.0,20.0,30.0,74.0,88.0,0.06,0.06,1.0,0.6666666666666666,0.6,0.6,0.6,1.0,0.0,0.6666666666666666,0.6,74.0,88.0,,0.6
253,253,84.0,95.0,0.68,0.76,0.2,1.0,12.0,38.0,5.0,5.0,84.0,95.0,0.2,1.0,0.2,0.76,0.5,0.76,0.5,0.0,1.0,0.5,0.76,95.0,84.0,,0.5
254,254,9.0,22.0,0.68,0.56,1.0,1.0,22.0,28.0,16.0,34.0,9.0,22.0,1.0,1.0,1.0,0.56,0.68,0.56,0.68,0.0,0.0,,,,,,
255,255,85.0,78.0,0.18,0.18,1.0,1.0,41.0,9.0,40.0,10.0,85.0,78.0,1.0,1.0,1.0,0.18,0.2,0.18,0.2,0.0,0.0,,,,,,
256,256,89.0,74.0,0.7,0.6,1.0,0.06,1.0,2.0,15.0,35.0,89.0,74.0,0.06,0.06,1.0,0.6666666666666666,0.7,0.6,0.7,1.0,0.0,0.6666666666666666,0.7,89.0,74.0,,0.6
257,257,54.0,132.0,0.48,0.88,1.0,1.0,6.0,44.0,26.0,24.0,54.0,132.0,1.0,1.0,1.0,0.88,0.48,0.88,0.48,0.0,0.0,,,,,,
258,258,63.0,8.0,0.8,0.48,1.0,0.1,3.0,2.0,10.0,40.0,63.0,8.0,0.1,0.1,1.0,0.4,0.8,0.42857142857142855,0.8,1.0,0.0,0.4,0.8,63.0,8.0,,0.42857142857142855
259,259,11.0,31.0,0.52,0.8,1.0,1.0,11.0,39.0,24.0,26.0,11.0,31.0,1.0,1.0,1.0,0.78,0.52,0.78,0.52,0.0,0.0,,,,,,
260,260,-31.0,-31.0,0.48,0.96,1.0,1.0,3.0,47.0,25.0,25.0,-31.0,-31.0,1.0,1.0,1.0,0.94,0.5,0.94,0.5,0.0,0.0,,,,,,
261,261,-11.0,-2.0,0.78,0.96,1.0,1.0,2.0,48.0,12.0,38.0,-11.0,-2.0,1.0,1.0,1.0,0.96,0.76,0.96,0.76,0.0,0.0,,,,,,
262,262,-44.0,-61.0,0.26,0.34,1.0,1.0,33.0,17.0,36.0,14.0,-44.0,-61.0,1.0,1.0,1.0,0.34,0.28,0.34,0.28,0.0,0.0,,,,,,
263,263,-38.0,-27.0,0.56,0.8,1.0,1.0,10.0,40.0,23.0,27.0,-38.0,-27.0,1.0,1.0,1.0,0.8,0.54,0.8,0.54,0.0,0.0,,,,,,
264,264,-55.0,-100.0,0.9,0.62,0.8,1.0,19.0,31.0,6.0,34.0,-55.0,-100.0,0.8,1.0,0.8,0.62,0.85,0.62,0.8333333333333334,0.0,1.0,0.85,0.62,-100.0,-55.0,,0.8333333333333334
265,265,33.0,60.0,0.26,0.42,0.4,1.0,28.0,22.0,17.0,3.0,33.0,60.0,0.4,1.0,0.4,0.44,0.15,0.44,0.18181818181818182,0.0,1.0,0.15,0.44,60.0,33.0,,0.18181818181818182
266,266,60.0,94.0,0.16,0.88,1.0,0.02,0.0,1.0,42.0,8.0,60.0,94.0,0.02,0.02,1.0,1.0,0.16,0.6666666666666666,0.16,1.0,0.0,1.0,0.16,60.0,94.0,,0.6666666666666666
267,267,72.0,89.0,0.8,0.96,1.0,0.1,0.0,5.0,10.0,40.0,72.0,89.0,0.1,0.1,1.0,1.0,0.8,0.8571428571428571,0.8,1.0,0.0,1.0,0.8,72.0,89.0,,0.8571428571428571
268,268,11.0,14.0,0.24,0.48,1.0,1.0,26.0,24.0,37.0,13.0,11.0,14.0,1.0,1.0,1.0,0.48,0.26,0.48,0.26,0.0,0.0,,,,,,
269,269,125.0,5.0,0.92,0.04,1.0,1.0,48.0,2.0,4.0,46.0,125.0,5.0,1.0,1.0,1.0,0.04,0.92,0.04,0.92,0.0,0.0,,,,,,
270,270,38.0,42.0,0.72,0.8,1.0,1.0,10.0,40.0,14.0,36.0,38.0,42.0,1.0,1.0,1.0,0.8,0.72,0.8,0.72,0.0,0.0,,,,,,
271,271,80.0,89.0,0.68,0.8,1.0,1.0,10.0,40.0,16.0,34.0,80.0,89.0,1.0,1.0,1.0,0.8,0.68,0.8,0.68,0.0,0.0,,,,,,
272,272,114.0,78.0,0.88,0.56,1.0,1.0,22.0,28.0,6.0,44.0,114.0,78.0,1.0,1.0,1.0,0.56,0.88,0.56,0.88,0.0,0.0,,,,,,
273,273,63.0,58.0,0.52,0.08,0.1,1.0,45.0,5.0,2.0,3.0,63.0,58.0,0.1,1.0,0.1,0.1,0.6,0.1,0.5714285714285714,0.0,1.0,0.6,0.1,58.0,63.0,,0.5714285714285714
274,274,5.0,25.0,0.6,0.96,1.0,1.0,3.0,47.0,20.0,30.0,5.0,25.0,1.0,1.0,1.0,0.94,0.6,0.94,0.6,0.0,0.0,,,,,,
275,275,-40.0,-50.0,0.5,0.72,1.0,0.1,1.0,4.0,25.0,25.0,-40.0,-50.0,0.1,0.1,1.0,0.8,0.5,0.7142857142857143,0.5,1.0,0.0,0.8,0.5,-40.0,-50.0,,0.7142857142857143
276,276,-12.0,-134.0,0.06,0.72,1.0,1.0,14.0,36.0,46.0,4.0,-12.0,-134.0,1.0,1.0,1.0,0.72,0.08,0.72,0.08,0.0,0.0,,,,,,
277,277,-39.0,-42.0,0.44,0.32,1.0,1.0,34.0,16.0,27.0,23.0,-39.0,-42.0,1.0,1.0,1.0,0.32,0.46,0.32,0.46,0.0,0.0,,,,,,
278,278,-17.0,-50.0,0.6,0.88,1.0,1.0,6.0,44.0,21.0,29.0,-17.0,-50.0,1.0,1.0,1.0,0.88,0.58,0.88,0.58,0.0,0.0,,,,,,
279,279,-6.0,-5.0,0.92,0.84,1.0,1.0,8.0,42.0,4.0,46.0,-6.0,-5.0,1.0,1.0,1.0,0.84,0.92,0.84,0.92,0.0,0.0,,,,,,
280,280,-68.0,-45.0,0.6,0.44,0.8,1.0,27.0,23.0,20.0,30.0,-68.0,-45.0,1.0,1.0,1.0,0.46,0.6,0.46,0.6,0.0,0.0,,,,,,
281,281,-21.0,-60.0,0.36,0.66,0.2,1.0,18.0,32.0,6.0,4.0,-21.0,-60.0,0.2,1.0,0.2,0.64,0.4,0.64,0.4166666666666667,0.0,1.0,0.4,0.64,-60.0,-21.0,,0.4166666666666667
282,282,-45.0,-94.0,0.16,0.88,1.0,0.2,3.0,7.0,41.0,9.0,-45.0,-94.0,0.2,0.2,1.0,0.7,0.18,0.6666666666666666,0.18,1.0,0.0,0.7,0.18,-45.0,-94.0,,0.6666666666666666
283,283,-7.0,-5.0,0.96,0.68,1.0,1.0,16.0,34.0,2.0,48.0,-7.0,-5.0,1.0,1.0,1.0,0.68,0.96,0.68,0.96,0.0,0.0,,,,,,
284,284,-115.0,-94.0,0.64,0.52,0.2,1.0,24.0,26.0,3.0,7.0,-115.0,-94.0,0.2,1.0,0.2,0.52,0.7,0.52,0.6666666666666666,0.0,1.0,0.7,0.52,-94.0,-115.0,,0.6666666666666666
285,285,35.0,47.0,0.4,0.6,1.0,0.1,2.0,3.0,30.0,20.0,35.0,47.0,0.1,0.1,1.0,0.6,0.4,0.5714285714285714,0.4,1.0,0.0,0.6,0.4,35.0,47.0,,0.5714285714285714
286,286,9.0,18.0,0.68,0.96,1.0,0.4,0.0,20.0,17.0,33.0,9.0,18.0,0.4,0.4,1.0,1.0,0.66,0.9545454545454546,0.66,1.0,0.0,1.0,0.66,9.0,18.0,,0.9545454545454546
287,287,63.0,60.0,0.52,0.96,0.8,1.0,3.0,47.0,19.0,21.0,63.0,60.0,0.8,1.0,0.8,0.94,0.525,0.94,0.5238095238095238,0.0,1.0,0.525,0.94,60.0,63.0,,0.5238095238095238
288,288,39.0,52.0,0.64,0.94,1.0,1.0,3.0,47.0,18.0,32.0,39.0,52.0,1.0,1.0,1.0,0.94,0.64,0.94,0.64,0.0,0.0,,,,,,
289,289,17.0,100.0,0.12,0.88,0.02,1.0,6.0,44.0,0.0,1.0,17.0,100.0,0.02,1.0,0.02,0.88,1.0,0.88,0.6666666666666666,0.0,1.0,1.0,0.88,100.0,17.0,,0.6666666666666666
290,290,54.0,74.0,0.34,0.6,1.0,0.4,5.0,15.0,31.0,19.0,54.0,74.0,0.4,0.4,1.0,0.75,0.38,0.7272727272727273,0.38,1.0,0.0,0.75,0.38,54.0,74.0,,0.7272727272727273
291,291,93.0,127.0,0.4,0.64,1.0,1.0,19.0,31.0,30.0,20.0,93.0,127.0,1.0,1.0,1.0,0.62,0.4,0.62,0.4,0.0,0.0,,,,,,
292,292,45.0,21.0,0.66,0.36,1.0,0.02,1.0,0.0,16.0,34.0,45.0,21.0,0.02,0.02,1.0,0.0,0.68,0.3333333333333333,0.68,1.0,0.0,0.0,0.68,45.0,21.0,,0.3333333333333333
293,293,9.0,13.0,0.62,0.48,1.0,0.2,5.0,5.0,20.0,30.0,9.0,13.0,0.2,0.2,1.0,0.5,0.6,0.5,0.6,1.0,0.0,0.5,0.6,9.0,13.0,,0.5
294,294,125.0,63.0,0.48,0.04,1.0,1.0,48.0,2.0,25.0,25.0,125.0,63.0,1.0,1.0,1.0,0.04,0.5,0.04,0.5,0.0,0.0,,,,,,
295,295,-15.0,-5.0,0.94,0.66,1.0,1.0,18.0,32.0,2.0,48.0,-15.0,-5.0,1.0,1.0,1.0,0.64,0.96,0.64,0.96,0.0,0.0,,,,,,
296,296,-67.0,-66.0,0.84,0.76,0.8,1.0,12.0,38.0,9.0,31.0,-67.0,-66.0,0.8,1.0,0.8,0.76,0.775,0.76,0.7619047619047619,0.0,1.0,0.775,0.76,-66.0,-67.0,,0.7619047619047619
297,297,-88.0,-38.0,0.66,0.28,0.06,1.0,36.0,14.0,1.0,2.0,-88.0,-38.0,0.06,1.0,0.06,0.28,0.6666666666666666,0.28,0.6,0.0,1.0,0.6666666666666666,0.28,-38.0,-88.0,,0.6
298,298,-11.0,-31.0,0.52,0.8,1.0,1.0,11.0,39.0,24.0,26.0,-11.0,-31.0,1.0,1.0,1.0,0.78,0.52,0.78,0.52,0.0,0.0,,,,,,
299,299,-11.0,-42.0,0.72,0.44,1.0,1.0,27.0,23.0,13.0,37.0,-11.0,-42.0,1.0,1.0,1.0,0.46,0.74,0.46,0.74,0.0,0.0,,,,,,
