,id,MID,trial_number,start_date,trialstart,outcome,reaction_time,totalpoints,prop_left,prop_right,resp,revealed_left,revealed_right,AID,HID,noresp,session_id,five_trial_outcome,mag_left,mag_right,received_mag,practice,loss_or_reward,revealed_o_l,revealed_o_r,revealed_x_l,revealed_x_r,instruct_number,info_l,info_r,prob_out_l,prob_out_r,prob_out_l_bayes,prob_out_r_bayes,ambig_l,ambig_r,prob_out_ambig,prob_out_unambig,mag_ambig,mag_unambig,resp_amb_1,prob_out_ambig_bayes,info_amb
0,77666,A27BPRHBM28XZS,0,3/10/17 8:43,1.48914e+12,X,2642,5000,0.16,0.76,left,1.0,1.0,3Q5C1WP23N6BPCK8JC4ALVGWVCH15Y,3VQTAXTYN3QR05ULW805AZP12RQUB0,0,aodI,91,36,21,36,False,combined,9,37,41,13,0,1.0,1.0,0.82,0.26,0.82,0.26,0,0,,,,,,,1.0
1,77667,A27BPRHBM28XZS,1,3/10/17 8:43,1.48914e+12,X,2638,5000,0.24,0.36,right,1.0,1.0,3Q5C1WP23N6BPCK8JC4ALVGWVCH15Y,3VQTAXTYN3QR05ULW805AZP12RQUB0,0,aodI,91,78,101,101,False,combined,13,17,37,33,0,1.0,1.0,0.74,0.66,0.74,0.66,0,0,,,,,,,1.0
2,77669,A27BPRHBM28XZS,2,3/10/17 8:44,1.48914e+12,O,1518,5000,0.34,0.64,left,1.0,0.8,3Q5C1WP23N6BPCK8JC4ALVGWVCH15Y,3VQTAXTYN3QR05ULW805AZP12RQUB0,0,aodI,91,21,39,0,False,combined,18,25,32,15,0,1.0,0.8,0.64,0.375,0.64,0.380952380952,0,1,0.375,0.64,39.0,21.0,,0.380952380952,0.8
3,77670,A27BPRHBM28XZS,3,3/10/17 8:44,1.48914e+12,X,1592,5000,0.24,0.08,right,0.1,1.0,3Q5C1WP23N6BPCK8JC4ALVGWVCH15Y,3VQTAXTYN3QR05ULW805AZP12RQUB0,0,aodI,91,3,12,12,False,combined,1,4,4,46,0,0.1,1.0,0.8,0.92,0.714285714286,0.92,1,0,0.8,0.92,3.0,12.0,,0.714285714286,0.1
4,77672,A27BPRHBM28XZS,4,3/10/17 8:44,1.48914e+12,X,1397,5000,0.12,0.62,left,1.0,1.0,3Q5C1WP23N6BPCK8JC4ALVGWVCH15Y,3VQTAXTYN3QR05ULW805AZP12RQUB0,0,aodI,91,7,20,7,False,combined,6,31,44,19,0,1.0,1.0,0.88,0.38,0.88,0.38,0,0,,,,,,,1.0
5,77674,A27BPRHBM28XZS,5,3/10/17 8:44,1.48914e+12,O,4854,5101,0.64,0.72,right,1.0,0.06,3Q5C1WP23N6BPCK8JC4ALVGWVCH15Y,3VQTAXTYN3QR05ULW805AZP12RQUB0,0,aodI,101,-74,-84,0,False,combined,32,1,18,2,0,1.0,0.06,0.36,0.666666666667,0.36,0.6,0,1,0.666666666667,0.36,-84.0,-74.0,,0.6,0.06
6,77675,A27BPRHBM28XZS,6,3/10/17 8:44,1.48914e+12,X,1768,5101,0.56,0.48,right,1.0,0.2,3Q5C1WP23N6BPCK8JC4ALVGWVCH15Y,3VQTAXTYN3QR05ULW805AZP12RQUB0,0,aodI,101,-68,-29,-29,False,combined,26,8,24,2,0,1.0,0.2,0.48,0.2,0.48,0.25,0,1,0.2,0.48,-29.0,-68.0,,0.25,0.2
7,77677,A27BPRHBM28XZS,7,3/10/17 8:44,1.48914e+12,O,1121,5101,0.28,0.76,right,1.0,0.4,3Q5C1WP23N6BPCK8JC4ALVGWVCH15Y,3VQTAXTYN3QR05ULW805AZP12RQUB0,0,aodI,101,-7,-21,0,False,combined,13,13,37,7,0,1.0,0.4,0.74,0.35,0.74,0.363636363636,0,1,0.35,0.74,-21.0,-7.0,,0.363636363636,0.4
8,77678,A27BPRHBM28XZS,8,3/10/17 8:44,1.48914e+12,X,2931,5101,0.12,0.4,left,1.0,1.0,3Q5C1WP23N6BPCK8JC4ALVGWVCH15Y,3VQTAXTYN3QR05ULW805AZP12RQUB0,0,aodI,101,-17,-50,-17,False,combined,6,21,44,29,0,1.0,1.0,0.88,0.58,0.88,0.58,0,0,,,,,,,1.0
9,77680,A27BPRHBM28XZS,9,3/10/17 8:45,1.48914e+12,X,4975,5101,0.56,0.48,left,1.0,0.02,3Q5C1WP23N6BPCK8JC4ALVGWVCH15Y,3VQTAXTYN3QR05ULW805AZP12RQUB0,0,aodI,101,-68,-29,-68,False,combined,26,0,24,1,0,1.0,0.02,0.48,1.0,0.48,0.666666666667,0,1,1.0,0.48,-29.0,-68.0,,0.666666666667,0.02
10,77682,A27BPRHBM28XZS,10,3/10/17 8:45,1.48914e+12,X,1551,5033,0.16,0.76,right,1.0,1.0,3Q5C1WP23N6BPCK8JC4ALVGWVCH15Y,3VQTAXTYN3QR05ULW805AZP12RQUB0,0,aodI,-68,-36,-21,-21,False,combined,9,38,41,12,0,1.0,1.0,0.82,0.24,0.82,0.24,0,0,,,,,,,1.0
11,77683,A27BPRHBM28XZS,11,3/10/17 8:45,1.48914e+12,X,3211,5033,0.24,0.36,left,1.0,1.0,3Q5C1WP23N6BPCK8JC4ALVGWVCH15Y,3VQTAXTYN3QR05ULW805AZP12RQUB0,0,aodI,-68,-78,-101,-78,False,combined,13,17,37,33,0,1.0,1.0,0.74,0.66,0.74,0.66,0,0,,,,,,,1.0
12,77685,A27BPRHBM28XZS,12,3/10/17 8:45,1.48914e+12,X,1630,5033,0.34,0.64,right,1.0,0.8,3Q5C1WP23N6BPCK8JC4ALVGWVCH15Y,3VQTAXTYN3QR05ULW805AZP12RQUB0,0,aodI,-68,-21,-39,-39,False,combined,18,25,32,15,0,1.0,0.8,0.64,0.375,0.64,0.380952380952,0,1,0.375,0.64,-39.0,-21.0,,0.380952380952,0.8
13,77686,A27BPRHBM28XZS,13,3/10/17 8:45,1.48914e+12,X,1808,5033,0.24,0.08,left,0.1,1.0,3Q5C1WP23N6BPCK8JC4ALVGWVCH15Y,3VQTAXTYN3QR05ULW805AZP12RQUB0,0,aodI,-68,-3,-12,-3,False,combined,1,4,4,46,0,0.1,1.0,0.8,0.92,0.714285714286,0.92,1,0,0.8,0.92,-3.0,-12.0,,0.714285714286,0.1
14,77688,A27BPRHBM28XZS,14,3/10/17 8:45,1.48914e+12,O,2785,5033,0.12,0.62,right,1.0,1.0,3Q5C1WP23N6BPCK8JC4ALVGWVCH15Y,3VQTAXTYN3QR05ULW805AZP12RQUB0,0,aodI,-68,-7,-20,0,False,combined,6,31,44,19,0,1.0,1.0,0.88,0.38,0.88,0.38,0,0,,,,,,,1.0
15,77689,A27BPRHBM28XZS,15,3/10/17 8:46,1.48914e+12,X,1869,5033,0.04,0.4,left,1.0,1.0,3Q5C1WP23N6BPCK8JC4ALVGWVCH15Y,3VQTAXTYN3QR05ULW805AZP12RQUB0,0,aodI,0,16,8,16,False,combined,2,20,48,30,0,1.0,1.0,0.96,0.6,0.96,0.6,0,0,,,,,,,1.0
16,77690,A27BPRHBM28XZS,16,3/10/17 8:46,1.48914e+12,X,1772,5033,0.64,0.08,right,0.06,1.0,3Q5C1WP23N6BPCK8JC4ALVGWVCH15Y,3VQTAXTYN3QR05ULW805AZP12RQUB0,0,aodI,0,98,65,65,False,combined,1,4,2,46,0,0.06,1.0,0.666666666667,0.92,0.6,0.92,1,0,0.666666666667,0.92,98.0,65.0,,0.6,0.06
17,77691,A27BPRHBM28XZS,17,3/10/17 8:46,1.48914e+12,X,1572,5033,0.24,0.32,left,1.0,0.02,3Q5C1WP23N6BPCK8JC4ALVGWVCH15Y,3VQTAXTYN3QR05ULW805AZP12RQUB0,0,aodI,0,88,74,88,False,combined,12,1,38,0,0,1.0,0.02,0.76,0.0,0.76,0.333333333333,0,1,0.0,0.76,74.0,88.0,,0.333333333333,0.02
18,77692,A27BPRHBM28XZS,18,3/10/17 8:46,1.48914e+12,X,2996,5033,0.04,0.68,left,1.0,1.0,3Q5C1WP23N6BPCK8JC4ALVGWVCH15Y,3VQTAXTYN3QR05ULW805AZP12RQUB0,0,aodI,0,15,53,15,False,combined,3,33,47,17,0,1.0,1.0,0.94,0.34,0.94,0.34,0,0,,,,,,,1.0
19,77693,A27BPRHBM28XZS,19,3/10/17 8:46,1.48914e+12,X,2228,5033,0.34,0.3,right,1.0,1.0,3Q5C1WP23N6BPCK8JC4ALVGWVCH15Y,3VQTAXTYN3QR05ULW805AZP12RQUB0,0,aodI,0,22,23,23,False,combined,17,15,33,35,0,1.0,1.0,0.66,0.7,0.66,0.7,0,0,,,,,,,1.0
20,77694,A27BPRHBM28XZS,20,3/10/17 8:46,1.48914e+12,O,1590,5098,0.76,0.28,right,0.2,1.0,3Q5C1WP23N6BPCK8JC4ALVGWVCH15Y,3VQTAXTYN3QR05ULW805AZP12RQUB0,0,aodI,65,21,7,0,False,combined,8,13,2,37,0,0.2,1.0,0.2,0.74,0.25,0.74,1,0,0.2,0.74,21.0,7.0,,0.25,0.2
21,77695,A27BPRHBM28XZS,21,3/10/17 8:46,1.48914e+12,X,1728,5098,0.52,0.6,left,1.0,1.0,3Q5C1WP23N6BPCK8JC4ALVGWVCH15Y,3VQTAXTYN3QR05ULW805AZP12RQUB0,0,aodI,65,63,13,63,False,combined,25,30,25,20,0,1.0,1.0,0.5,0.4,0.5,0.4,0,0,,,,,,,1.0
22,77696,A27BPRHBM28XZS,22,3/10/17 8:46,1.48914e+12,X,2168,5098,0.72,0.34,left,1.0,0.06,3Q5C1WP23N6BPCK8JC4ALVGWVCH15Y,3VQTAXTYN3QR05ULW805AZP12RQUB0,0,aodI,65,76,38,76,False,combined,36,1,14,2,0,1.0,0.06,0.28,0.666666666667,0.28,0.6,0,1,0.666666666667,0.28,38.0,76.0,,0.6,0.06
23,77698,A27BPRHBM28XZS,23,3/10/17 8:47,1.48914e+12,X,1500,5098,0.34,0.06,right,1.0,1.0,3Q5C1WP23N6BPCK8JC4ALVGWVCH15Y,3VQTAXTYN3QR05ULW805AZP12RQUB0,0,aodI,65,15,5,5,False,combined,18,2,32,48,0,1.0,1.0,0.64,0.96,0.64,0.96,0,0,,,,,,,1.0
24,77699,A27BPRHBM28XZS,24,3/10/17 8:47,1.48914e+12,O,2035,5098,0.56,0.56,left,0.02,1.0,3Q5C1WP23N6BPCK8JC4ALVGWVCH15Y,3VQTAXTYN3QR05ULW805AZP12RQUB0,0,aodI,65,11,14,0,False,combined,0,27,1,23,0,0.02,1.0,1.0,0.46,0.666666666667,0.46,1,0,1.0,0.46,11.0,14.0,,0.666666666667,0.02
25,77701,A27BPRHBM28XZS,25,3/10/17 8:47,1.48914e+12,O,1622,5161,0.56,0.48,left,1.0,0.8,3Q5C1WP23N6BPCK8JC4ALVGWVCH15Y,3VQTAXTYN3QR05ULW805AZP12RQUB0,0,aodI,63,68,29,0,False,combined,27,16,23,24,0,1.0,0.8,0.46,0.6,0.46,0.595238095238,0,1,0.6,0.46,29.0,68.0,,0.595238095238,0.8
26,77703,A27BPRHBM28XZS,26,3/10/17 8:47,1.48914e+12,X,2174,5161,0.36,0.48,right,0.4,1.0,3Q5C1WP23N6BPCK8JC4ALVGWVCH15Y,3VQTAXTYN3QR05ULW805AZP12RQUB0,0,aodI,63,94,115,115,False,combined,12,25,8,25,0,0.4,1.0,0.4,0.5,0.409090909091,0.5,1,0,0.4,0.5,94.0,115.0,,0.409090909091,0.4
27,77705,A27BPRHBM28XZS,27,3/10/17 8:47,1.48914e+12,X,2604,5161,0.74,0.8,right,1.0,1.0,3Q5C1WP23N6BPCK8JC4ALVGWVCH15Y,3VQTAXTYN3QR05ULW805AZP12RQUB0,0,aodI,63,62,134,134,False,combined,36,40,14,10,0,1.0,1.0,0.28,0.2,0.28,0.2,0,0,,,,,,,1.0
28,77706,A27BPRHBM28XZS,28,3/10/17 8:47,1.48914e+12,X,1652,5161,0.78,0.32,right,0.06,1.0,3Q5C1WP23N6BPCK8JC4ALVGWVCH15Y,3VQTAXTYN3QR05ULW805AZP12RQUB0,0,aodI,63,27,7,7,False,combined,2,17,1,33,0,0.06,1.0,0.333333333333,0.66,0.4,0.66,1,0,0.333333333333,0.66,27.0,7.0,,0.4,0.06
29,77708,A27BPRHBM28XZS,29,3/10/17 8:47,1.48914e+12,X,3703,5161,0.24,0.12,right,1.0,1.0,3Q5C1WP23N6BPCK8JC4ALVGWVCH15Y,3VQTAXTYN3QR05ULW805AZP12RQUB0,0,aodI,63,39,34,34,False,combined,13,6,37,44,0,1.0,1.0,0.74,0.88,0.74,0.88,0,0,,,,,,,1.0
30,77709,A27BPRHBM28XZS,30,3/10/17 8:48,1.48914e+12,O,2151,5276,0.4,0.66,right,0.4,1.0,3Q5C1WP23N6BPCK8JC4ALVGWVCH15Y,3VQTAXTYN3QR05ULW805AZP12RQUB0,0,aodI,115,-54,-74,0,False,combined,5,31,15,19,0,0.4,1.0,0.75,0.38,0.727272727273,0.38,1,0,0.75,0.38,-54.0,-74.0,,0.727272727273,0.4
31,77711,A27BPRHBM28XZS,31,3/10/17 8:48,1.48914e+12,O,3215,5276,0.36,0.6,right,1.0,1.0,3Q5C1WP23N6BPCK8JC4ALVGWVCH15Y,3VQTAXTYN3QR05ULW805AZP12RQUB0,0,aodI,115,-93,-127,0,False,combined,19,30,31,20,0,1.0,1.0,0.62,0.4,0.62,0.4,0,0,,,,,,,1.0
32,77712,A27BPRHBM28XZS,32,3/10/17 8:48,1.48914e+12,X,2439,5276,0.64,0.34,left,0.02,1.0,3Q5C1WP23N6BPCK8JC4ALVGWVCH15Y,3VQTAXTYN3QR05ULW805AZP12RQUB0,0,aodI,115,-39,-21,-39,False,combined,1,16,0,34,0,0.02,1.0,0.0,0.68,0.333333333333,0.68,1,0,0.0,0.68,-39.0,-21.0,,0.333333333333,0.02
33,77714,A27BPRHBM28XZS,33,3/10/17 8:48,1.48914e+12,X,1965,5276,0.52,0.38,left,0.2,1.0,3Q5C1WP23N6BPCK8JC4ALVGWVCH15Y,3VQTAXTYN3QR05ULW805AZP12RQUB0,0,aodI,115,-9,-13,-9,False,combined,5,20,5,30,0,0.2,1.0,0.5,0.6,0.5,0.6,1,0,0.5,0.6,-9.0,-13.0,,0.5,0.2
34,77715,A27BPRHBM28XZS,34,3/10/17 8:48,1.48914e+12,O,1693,5276,0.96,0.52,left,1.0,1.0,3Q5C1WP23N6BPCK8JC4ALVGWVCH15Y,3VQTAXTYN3QR05ULW805AZP12RQUB0,0,aodI,115,-125,-63,0,False,combined,48,25,2,25,0,1.0,1.0,0.04,0.5,0.04,0.5,0,0,,,,,,,1.0
35,77717,A27BPRHBM28XZS,35,3/10/17 8:48,1.48914e+12,O,2525,5276,0.64,0.72,left,1.0,0.06,3Q5C1WP23N6BPCK8JC4ALVGWVCH15Y,3VQTAXTYN3QR05ULW805AZP12RQUB0,0,aodI,0,74,84,0,False,combined,32,2,18,1,0,1.0,0.06,0.36,0.333333333333,0.36,0.4,0,1,0.333333333333,0.36,84.0,74.0,,0.4,0.06
36,77719,A27BPRHBM28XZS,36,3/10/17 8:48,1.48914e+12,X,1242,5276,0.56,0.48,left,1.0,0.2,3Q5C1WP23N6BPCK8JC4ALVGWVCH15Y,3VQTAXTYN3QR05ULW805AZP12RQUB0,0,aodI,0,68,29,68,False,combined,26,8,24,2,0,1.0,0.2,0.48,0.2,0.48,0.25,0,1,0.2,0.48,29.0,68.0,,0.25,0.2
37,77720,A27BPRHBM28XZS,37,3/10/17 8:49,1.48914e+12,X,1558,5276,0.28,0.76,left,1.0,0.4,3Q5C1WP23N6BPCK8JC4ALVGWVCH15Y,3VQTAXTYN3QR05ULW805AZP12RQUB0,0,aodI,0,7,21,7,False,combined,13,13,37,7,0,1.0,0.4,0.74,0.35,0.74,0.363636363636,0,1,0.35,0.74,21.0,7.0,,0.363636363636,0.4
38,77722,A27BPRHBM28XZS,38,3/10/17 8:49,1.48914e+12,X,2388,5276,0.12,0.4,left,1.0,1.0,3Q5C1WP23N6BPCK8JC4ALVGWVCH15Y,3VQTAXTYN3QR05ULW805AZP12RQUB0,0,aodI,0,17,50,17,False,combined,6,21,44,29,0,1.0,1.0,0.88,0.58,0.88,0.58,0,0,,,,,,,1.0
39,77723,A27BPRHBM28XZS,39,3/10/17 8:49,1.48914e+12,X,1159,5276,0.56,0.48,left,1.0,0.02,3Q5C1WP23N6BPCK8JC4ALVGWVCH15Y,3VQTAXTYN3QR05ULW805AZP12RQUB0,0,aodI,0,68,29,68,False,combined,26,0,24,1,0,1.0,0.02,0.48,1.0,0.48,0.666666666667,0,1,1.0,0.48,29.0,68.0,,0.666666666667,0.02
40,77725,A27BPRHBM28XZS,40,3/10/17 8:49,1.48914e+12,X,1777,5276,0.64,0.44,right,0.1,1.0,3Q5C1WP23N6BPCK8JC4ALVGWVCH15Y,3VQTAXTYN3QR05ULW805AZP12RQUB0,0,aodI,0,74,107,107,False,combined,3,22,2,28,0,0.1,1.0,0.4,0.56,0.428571428571,0.56,1,0,0.4,0.56,74.0,107.0,,0.428571428571,0.1
41,77726,A27BPRHBM28XZS,41,3/10/17 8:49,1.48914e+12,X,1148,5276,0.08,0.32,left,1.0,1.0,3Q5C1WP23N6BPCK8JC4ALVGWVCH15Y,3VQTAXTYN3QR05ULW805AZP12RQUB0,0,aodI,0,33,7,33,False,combined,3,17,47,33,0,1.0,1.0,0.94,0.66,0.94,0.66,0,0,,,,,,,1.0
42,77728,A27BPRHBM28XZS,42,3/10/17 8:49,1.48914e+12,X,1576,5276,0.38,0.52,left,1.0,0.8,3Q5C1WP23N6BPCK8JC4ALVGWVCH15Y,3VQTAXTYN3QR05ULW805AZP12RQUB0,0,aodI,0,13,9,13,False,combined,18,22,32,18,0,1.0,0.8,0.64,0.45,0.64,0.452380952381,0,1,0.45,0.64,9.0,13.0,,0.452380952381,0.8
43,77729,A27BPRHBM28XZS,43,3/10/17 8:49,1.48914e+12,X,2894,5276,0.62,0.64,right,1.0,0.06,3Q5C1WP23N6BPCK8JC4ALVGWVCH15Y,3VQTAXTYN3QR05ULW805AZP12RQUB0,0,aodI,0,40,51,51,False,combined,31,2,19,1,0,1.0,0.06,0.38,0.333333333333,0.38,0.4,0,1,0.333333333333,0.38,51.0,40.0,,0.4,0.06
44,77731,A27BPRHBM28XZS,44,3/10/17 8:49,1.48914e+12,O,2230,5276,0.36,0.62,right,0.8,1.0,3Q5C1WP23N6BPCK8JC4ALVGWVCH15Y,3VQTAXTYN3QR05ULW805AZP12RQUB0,0,aodI,0,38,81,0,False,combined,15,32,25,18,0,0.8,1.0,0.625,0.36,0.619047619048,0.36,1,0,0.625,0.36,38.0,81.0,,0.619047619048,0.8
45,77733,A27BPRHBM28XZS,45,3/10/17 8:50,1.48914e+12,O,1797,5276,0.64,0.44,left,0.1,1.0,3Q5C1WP23N6BPCK8JC4ALVGWVCH15Y,3VQTAXTYN3QR05ULW805AZP12RQUB0,0,aodI,0,-74,-107,0,False,combined,3,22,2,28,0,0.1,1.0,0.4,0.56,0.428571428571,0.56,1,0,0.4,0.56,-74.0,-107.0,,0.428571428571,0.1
46,77734,A27BPRHBM28XZS,46,3/10/17 8:50,1.48914e+12,X,1337,5276,0.08,0.32,right,1.0,1.0,3Q5C1WP23N6BPCK8JC4ALVGWVCH15Y,3VQTAXTYN3QR05ULW805AZP12RQUB0,0,aodI,0,-33,-7,-7,False,combined,3,17,47,33,0,1.0,1.0,0.94,0.66,0.94,0.66,0,0,,,,,,,1.0
47,77736,A27BPRHBM28XZS,47,3/10/17 8:50,1.48914e+12,X,1437,5276,0.38,0.52,right,1.0,0.8,3Q5C1WP23N6BPCK8JC4ALVGWVCH15Y,3VQTAXTYN3QR05ULW805AZP12RQUB0,0,aodI,0,-13,-9,-9,False,combined,18,22,32,18,0,1.0,0.8,0.64,0.45,0.64,0.452380952381,0,1,0.45,0.64,-9.0,-13.0,,0.452380952381,0.8
48,77737,A27BPRHBM28XZS,48,3/10/17 8:50,1.48914e+12,O,2294,5276,0.62,0.64,left,1.0,0.06,3Q5C1WP23N6BPCK8JC4ALVGWVCH15Y,3VQTAXTYN3QR05ULW805AZP12RQUB0,0,aodI,0,-40,-51,0,False,combined,31,2,19,1,0,1.0,0.06,0.38,0.333333333333,0.38,0.4,0,1,0.333333333333,0.38,-51.0,-40.0,,0.4,0.06
49,77738,A27BPRHBM28XZS,49,3/10/17 8:50,1.48914e+12,X,3121,5276,0.36,0.62,left,0.8,1.0,3Q5C1WP23N6BPCK8JC4ALVGWVCH15Y,3VQTAXTYN3QR05ULW805AZP12RQUB0,0,aodI,0,-38,-81,-38,False,combined,15,32,25,18,0,0.8,1.0,0.625,0.36,0.619047619048,0.36,1,0,0.625,0.36,-38.0,-81.0,,0.619047619048,0.8
50,77789,A27BPRHBM28XZS,50,3/10/17 9:02,1.48914e+12,X,2771,5276,0.52,0.38,left,0.8,1.0,3Q5C1WP23N6BPCK8JC4ALVGWVCH15Y,3VQTAXTYN3QR05ULW805AZP12RQUB0,0,aodI,0,-9,-13,-9,False,combined,20,20,20,30,0,0.8,1.0,0.5,0.6,0.5,0.6,1,0,0.5,0.6,-9.0,-13.0,,0.5,0.8
51,77791,A27BPRHBM28XZS,51,3/10/17 9:02,1.48914e+12,O,1733,5276,0.12,0.84,right,0.2,1.0,3Q5C1WP23N6BPCK8JC4ALVGWVCH15Y,3VQTAXTYN3QR05ULW805AZP12RQUB0,0,aodI,0,-34,-94,0,False,combined,3,41,7,9,0,0.2,1.0,0.7,0.18,0.666666666667,0.18,1,0,0.7,0.18,-34.0,-94.0,,0.666666666667,0.2
52,77792,A27BPRHBM28XZS,52,3/10/17 9:03,1.48914e+12,X,3022,5276,0.26,0.62,right,1.0,1.0,3Q5C1WP23N6BPCK8JC4ALVGWVCH15Y,3VQTAXTYN3QR05ULW805AZP12RQUB0,0,aodI,0,-28,-40,-40,False,combined,13,31,37,19,0,1.0,1.0,0.74,0.38,0.74,0.38,0,0,,,,,,,1.0
53,77794,A27BPRHBM28XZS,53,3/10/17 9:03,1.48914e+12,X,3041,5276,0.72,0.32,left,1.0,1.0,3Q5C1WP23N6BPCK8JC4ALVGWVCH15Y,3VQTAXTYN3QR05ULW805AZP12RQUB0,0,aodI,0,-62,-22,-62,False,combined,37,15,13,35,0,1.0,1.0,0.26,0.7,0.26,0.7,0,0,,,,,,,1.0
54,77795,A27BPRHBM28XZS,54,3/10/17 9:03,1.48914e+12,O,946,5276,0.8,0.62,right,1.0,1.0,3Q5C1WP23N6BPCK8JC4ALVGWVCH15Y,3VQTAXTYN3QR05ULW805AZP12RQUB0,0,aodI,0,-118,-32,0,False,combined,39,31,11,19,0,1.0,1.0,0.22,0.38,0.22,0.38,0,0,,,,,,,1.0
55,77797,A27BPRHBM28XZS,55,3/10/17 9:03,1.48914e+12,X,1158,5276,0.48,0.08,right,1.0,0.4,3Q5C1WP23N6BPCK8JC4ALVGWVCH15Y,3VQTAXTYN3QR05ULW805AZP12RQUB0,0,aodI,0,-115,-5,-5,False,combined,23,4,27,16,0,1.0,0.4,0.54,0.8,0.54,0.772727272727,0,1,0.8,0.54,-5.0,-115.0,,0.772727272727,0.4
56,77799,A27BPRHBM28XZS,56,3/10/17 9:03,1.48914e+12,O,4303,5276,0.24,0.44,right,1.0,1.0,3Q5C1WP23N6BPCK8JC4ALVGWVCH15Y,3VQTAXTYN3QR05ULW805AZP12RQUB0,0,aodI,0,-77,-118,0,False,combined,12,23,38,27,0,1.0,1.0,0.76,0.54,0.76,0.54,0,0,,,,,,,1.0
57,77801,A27BPRHBM28XZS,57,3/10/17 9:03,1.48914e+12,X,3019,5276,0.14,0.08,right,1.0,1.0,3Q5C1WP23N6BPCK8JC4ALVGWVCH15Y,3VQTAXTYN3QR05ULW805AZP12RQUB0,0,aodI,0,-29,-25,-25,False,combined,6,4,44,46,0,1.0,1.0,0.88,0.92,0.88,0.92,0,0,,,,,,,1.0
58,77802,A27BPRHBM28XZS,58,3/10/17 9:03,1.48914e+12,X,1829,5276,0.32,0.16,left,0.4,1.0,3Q5C1WP23N6BPCK8JC4ALVGWVCH15Y,3VQTAXTYN3QR05ULW805AZP12RQUB0,0,aodI,0,-91,-84,-91,False,combined,7,8,13,42,0,0.4,1.0,0.65,0.84,0.636363636364,0.84,1,0,0.65,0.84,-91.0,-84.0,,0.636363636364,0.4
59,77803,A27BPRHBM28XZS,59,3/10/17 9:04,1.48914e+12,X,2994,5276,0.56,0.52,left,1.0,1.0,3Q5C1WP23N6BPCK8JC4ALVGWVCH15Y,3VQTAXTYN3QR05ULW805AZP12RQUB0,0,aodI,0,-144,-114,-144,False,combined,28,26,22,24,0,1.0,1.0,0.44,0.48,0.44,0.48,0,0,,,,,,,1.0
60,77805,A27BPRHBM28XZS,60,3/10/17 9:04,1.48914e+12,O,2872,5185,0.36,0.62,right,0.2,1.0,3Q5C1WP23N6BPCK8JC4ALVGWVCH15Y,3VQTAXTYN3QR05ULW805AZP12RQUB0,0,aodI,-91,38,81,0,False,combined,3,31,7,19,0,0.2,1.0,0.7,0.38,0.666666666667,0.38,1,0,0.7,0.38,38.0,81.0,,0.666666666667,0.2
61,77807,A27BPRHBM28XZS,61,3/10/17 9:04,1.48914e+12,O,1522,5185,0.32,0.78,left,0.4,1.0,3Q5C1WP23N6BPCK8JC4ALVGWVCH15Y,3VQTAXTYN3QR05ULW805AZP12RQUB0,0,aodI,-91,4,11,0,False,combined,5,39,15,11,0,0.4,1.0,0.75,0.22,0.727272727273,0.22,1,0,0.75,0.22,4.0,11.0,,0.727272727273,0.4
62,77808,A27BPRHBM28XZS,62,3/10/17 9:04,1.48914e+12,X,1756,5185,0.08,0.36,left,0.2,1.0,3Q5C1WP23N6BPCK8JC4ALVGWVCH15Y,3VQTAXTYN3QR05ULW805AZP12RQUB0,0,aodI,-91,70,97,70,False,combined,1,18,9,32,0,0.2,1.0,0.9,0.64,0.833333333333,0.64,1,0,0.9,0.64,70.0,97.0,,0.833333333333,0.2
63,77810,A27BPRHBM28XZS,63,3/10/17 9:04,1.48914e+12,O,1624,5185,0.9,0.44,right,1.0,0.1,3Q5C1WP23N6BPCK8JC4ALVGWVCH15Y,3VQTAXTYN3QR05ULW805AZP12RQUB0,0,aodI,-91,33,5,0,False,combined,46,1,4,4,0,1.0,0.1,0.08,0.8,0.08,0.714285714286,0,1,0.8,0.08,5.0,33.0,,0.714285714286,0.1
64,77811,A27BPRHBM28XZS,64,3/10/17 9:04,1.48914e+12,X,1178,5185,0.2,0.32,right,1.0,1.0,3Q5C1WP23N6BPCK8JC4ALVGWVCH15Y,3VQTAXTYN3QR05ULW805AZP12RQUB0,0,aodI,-91,19,48,48,False,combined,10,16,40,34,0,1.0,1.0,0.8,0.68,0.8,0.68,0,0,,,,,,,1.0
65,77813,A27BPRHBM28XZS,65,3/10/17 9:04,1.48914e+12,X,1440,5255,0.38,0.26,left,1.0,0.4,3Q5C1WP23N6BPCK8JC4ALVGWVCH15Y,3VQTAXTYN3QR05ULW805AZP12RQUB0,0,aodI,70,48,51,48,False,combined,20,5,30,15,0,1.0,0.4,0.6,0.75,0.6,0.727272727273,0,1,0.75,0.6,51.0,48.0,,0.727272727273,0.4
66,77815,A27BPRHBM28XZS,66,3/10/17 9:05,1.48914e+12,O,2592,5255,0.08,0.64,right,0.8,1.0,3Q5C1WP23N6BPCK8JC4ALVGWVCH15Y,3VQTAXTYN3QR05ULW805AZP12RQUB0,0,aodI,70,5,42,0,False,combined,4,31,36,19,0,0.8,1.0,0.9,0.38,0.880952380952,0.38,1,0,0.9,0.38,5.0,42.0,,0.880952380952,0.8
67,77816,A27BPRHBM28XZS,67,3/10/17 9:05,1.48914e+12,O,1954,5255,0.68,0.56,right,1.0,1.0,3Q5C1WP23N6BPCK8JC4ALVGWVCH15Y,3VQTAXTYN3QR05ULW805AZP12RQUB0,0,aodI,70,39,42,0,False,combined,34,27,16,23,0,1.0,1.0,0.32,0.46,0.32,0.46,0,0,,,,,,,1.0
68,77817,A27BPRHBM28XZS,68,3/10/17 9:05,1.48914e+12,X,1878,5255,0.24,0.48,left,1.0,1.0,3Q5C1WP23N6BPCK8JC4ALVGWVCH15Y,3VQTAXTYN3QR05ULW805AZP12RQUB0,0,aodI,70,42,61,42,False,combined,12,25,38,25,0,1.0,1.0,0.76,0.5,0.76,0.5,0,0,,,,,,,1.0
69,77819,A27BPRHBM28XZS,69,3/10/17 9:05,1.48914e+12,O,1593,5255,0.18,0.68,left,1.0,1.0,3Q5C1WP23N6BPCK8JC4ALVGWVCH15Y,3VQTAXTYN3QR05ULW805AZP12RQUB0,0,aodI,70,37,115,0,False,combined,10,33,40,17,0,1.0,1.0,0.8,0.34,0.8,0.34,0,0,,,,,,,1.0
70,77821,A27BPRHBM28XZS,70,3/10/17 9:05,1.48914e+12,X,1896,5255,0.04,0.4,right,1.0,1.0,3Q5C1WP23N6BPCK8JC4ALVGWVCH15Y,3VQTAXTYN3QR05ULW805AZP12RQUB0,0,aodI,0,-16,-8,-8,False,combined,2,20,48,30,0,1.0,1.0,0.96,0.6,0.96,0.6,0,0,,,,,,,1.0
71,77822,A27BPRHBM28XZS,71,3/10/17 9:05,1.48914e+12,X,1552,5255,0.64,0.08,left,0.06,1.0,3Q5C1WP23N6BPCK8JC4ALVGWVCH15Y,3VQTAXTYN3QR05ULW805AZP12RQUB0,0,aodI,0,-98,-65,-98,False,combined,1,4,2,46,0,0.06,1.0,0.666666666667,0.92,0.6,0.92,1,0,0.666666666667,0.92,-98.0,-65.0,,0.6,0.06
72,77824,A27BPRHBM28XZS,72,3/10/17 9:05,1.48914e+12,O,1754,5255,0.24,0.32,right,1.0,0.02,3Q5C1WP23N6BPCK8JC4ALVGWVCH15Y,3VQTAXTYN3QR05ULW805AZP12RQUB0,0,aodI,0,-88,-74,0,False,combined,12,1,38,0,0,1.0,0.02,0.76,0.0,0.76,0.333333333333,0,1,0.0,0.76,-74.0,-88.0,,0.333333333333,0.02
73,77825,A27BPRHBM28XZS,73,3/10/17 9:05,1.48914e+12,O,2365,5255,0.04,0.68,right,1.0,1.0,3Q5C1WP23N6BPCK8JC4ALVGWVCH15Y,3VQTAXTYN3QR05ULW805AZP12RQUB0,0,aodI,0,-15,-53,0,False,combined,3,33,47,17,0,1.0,1.0,0.94,0.34,0.94,0.34,0,0,,,,,,,1.0
74,77827,A27BPRHBM28XZS,74,3/10/17 9:06,1.48914e+12,X,2155,5255,0.34,0.3,left,1.0,1.0,3Q5C1WP23N6BPCK8JC4ALVGWVCH15Y,3VQTAXTYN3QR05ULW805AZP12RQUB0,0,aodI,0,-22,-23,-22,False,combined,17,15,33,35,0,1.0,1.0,0.66,0.7,0.66,0.7,0,0,,,,,,,1.0
75,77829,A27BPRHBM28XZS,75,3/10/17 9:06,1.48914e+12,O,2577,5255,0.72,0.38,left,1.0,1.0,3Q5C1WP23N6BPCK8JC4ALVGWVCH15Y,3VQTAXTYN3QR05ULW805AZP12RQUB0,0,aodI,0,106,44,0,False,combined,36,18,14,32,0,1.0,1.0,0.28,0.64,0.28,0.64,0,0,,,,,,,1.0
76,77830,A27BPRHBM28XZS,76,3/10/17 9:06,1.48914e+12,X,2330,5255,0.5,0.5,left,1.0,1.0,3Q5C1WP23N6BPCK8JC4ALVGWVCH15Y,3VQTAXTYN3QR05ULW805AZP12RQUB0,0,aodI,0,11,19,11,False,combined,24,26,26,24,0,1.0,1.0,0.52,0.48,0.52,0.48,0,0,,,,,,,1.0
77,77831,A27BPRHBM28XZS,77,3/10/17 9:06,1.48914e+12,X,1739,5255,0.52,0.44,left,1.0,0.02,3Q5C1WP23N6BPCK8JC4ALVGWVCH15Y,3VQTAXTYN3QR05ULW805AZP12RQUB0,0,aodI,0,125,80,125,False,combined,27,1,23,0,0,1.0,0.02,0.46,0.0,0.46,0.333333333333,0,1,0.0,0.46,80.0,125.0,,0.333333333333,0.02
78,77833,A27BPRHBM28XZS,78,3/10/17 9:06,1.48914e+12,X,2084,5255,0.26,0.6,left,1.0,1.0,3Q5C1WP23N6BPCK8JC4ALVGWVCH15Y,3VQTAXTYN3QR05ULW805AZP12RQUB0,0,aodI,0,16,38,16,False,combined,13,30,37,20,0,1.0,1.0,0.74,0.4,0.74,0.4,0,0,,,,,,,1.0
79,77834,A27BPRHBM28XZS,79,3/10/17 9:06,1.48914e+12,X,921,5255,0.36,0.08,left,1.0,0.02,3Q5C1WP23N6BPCK8JC4ALVGWVCH15Y,3VQTAXTYN3QR05ULW805AZP12RQUB0,0,aodI,0,97,70,97,False,combined,19,0,31,1,0,1.0,0.02,0.62,1.0,0.62,0.666666666667,0,1,1.0,0.62,70.0,97.0,,0.666666666667,0.02
80,77836,A27BPRHBM28XZS,80,3/10/17 9:06,1.48914e+12,X,2016,5380,0.56,0.48,right,1.0,0.8,3Q5C1WP23N6BPCK8JC4ALVGWVCH15Y,3VQTAXTYN3QR05ULW805AZP12RQUB0,0,aodI,125,-68,-29,-29,False,combined,27,15,23,25,0,1.0,0.8,0.46,0.625,0.46,0.619047619048,0,1,0.625,0.46,-29.0,-68.0,,0.619047619048,0.8
81,77838,A27BPRHBM28XZS,81,3/10/17 9:07,1.48914e+12,X,2041,5380,0.36,0.48,left,0.4,1.0,3Q5C1WP23N6BPCK8JC4ALVGWVCH15Y,3VQTAXTYN3QR05ULW805AZP12RQUB0,0,aodI,125,-94,-115,-94,False,combined,12,25,8,25,0,0.4,1.0,0.4,0.5,0.409090909091,0.5,1,0,0.4,0.5,-94.0,-115.0,,0.409090909091,0.4
82,77839,A27BPRHBM28XZS,82,3/10/17 9:07,1.48914e+12,O,1257,5380,0.74,0.8,right,1.0,1.0,3Q5C1WP23N6BPCK8JC4ALVGWVCH15Y,3VQTAXTYN3QR05ULW805AZP12RQUB0,0,aodI,125,-62,-134,0,False,combined,36,40,14,10,0,1.0,1.0,0.28,0.2,0.28,0.2,0,0,,,,,,,1.0
83,77841,A27BPRHBM28XZS,83,3/10/17 9:07,1.48914e+12,X,1672,5380,0.78,0.32,right,0.06,1.0,3Q5C1WP23N6BPCK8JC4ALVGWVCH15Y,3VQTAXTYN3QR05ULW805AZP12RQUB0,0,aodI,125,-27,-7,-7,False,combined,2,17,1,33,0,0.06,1.0,0.333333333333,0.66,0.4,0.66,1,0,0.333333333333,0.66,-27.0,-7.0,,0.4,0.06
84,77842,A27BPRHBM28XZS,84,3/10/17 9:07,1.48914e+12,X,3026,5380,0.24,0.12,right,1.0,1.0,3Q5C1WP23N6BPCK8JC4ALVGWVCH15Y,3VQTAXTYN3QR05ULW805AZP12RQUB0,0,aodI,125,-39,-34,-34,False,combined,13,6,37,44,0,1.0,1.0,0.74,0.88,0.74,0.88,0,0,,,,,,,1.0
85,77844,A27BPRHBM28XZS,85,3/10/17 9:07,1.48914e+12,O,2401,5286,0.64,0.4,right,1.0,1.0,3Q5C1WP23N6BPCK8JC4ALVGWVCH15Y,3VQTAXTYN3QR05ULW805AZP12RQUB0,0,aodI,-94,72,60,0,False,combined,31,20,19,30,0,1.0,1.0,0.38,0.6,0.38,0.6,0,0,,,,,,,1.0
86,77845,A27BPRHBM28XZS,86,3/10/17 9:07,1.48914e+12,X,1294,5286,0.12,0.06,left,1.0,1.0,3Q5C1WP23N6BPCK8JC4ALVGWVCH15Y,3VQTAXTYN3QR05ULW805AZP12RQUB0,0,aodI,-94,30,29,30,False,combined,6,4,44,46,0,1.0,1.0,0.88,0.92,0.88,0.92,0,0,,,,,,,1.0
87,77847,A27BPRHBM28XZS,87,3/10/17 9:07,1.48914e+12,X,2279,5286,0.16,0.68,left,1.0,1.0,3Q5C1WP23N6BPCK8JC4ALVGWVCH15Y,3VQTAXTYN3QR05ULW805AZP12RQUB0,0,aodI,-94,18,47,18,False,combined,8,33,42,17,0,1.0,1.0,0.84,0.34,0.84,0.34,0,0,,,,,,,1.0
88,77849,A27BPRHBM28XZS,88,3/10/17 9:07,1.48914e+12,X,1659,5286,0.84,0.12,right,1.0,0.8,3Q5C1WP23N6BPCK8JC4ALVGWVCH15Y,3VQTAXTYN3QR05ULW805AZP12RQUB0,0,aodI,-94,94,34,34,False,combined,41,5,9,35,0,1.0,0.8,0.18,0.875,0.18,0.857142857143,0,1,0.875,0.18,34.0,94.0,,0.857142857143,0.8
89,77850,A27BPRHBM28XZS,89,3/10/17 9:08,1.48914e+12,X,1877,5286,0.76,0.06,right,1.0,1.0,3Q5C1WP23N6BPCK8JC4ALVGWVCH15Y,3VQTAXTYN3QR05ULW805AZP12RQUB0,0,aodI,-94,116,42,42,False,combined,37,4,13,46,0,1.0,1.0,0.26,0.92,0.26,0.92,0,0,,,,,,,1.0
90,77852,A27BPRHBM28XZS,90,3/10/17 9:08,1.48914e+12,O,1594,5316,0.56,0.1,left,1.0,0.06,3Q5C1WP23N6BPCK8JC4ALVGWVCH15Y,3VQTAXTYN3QR05ULW805AZP12RQUB0,0,aodI,30,25,16,0,False,combined,26,1,24,2,0,1.0,0.06,0.48,0.666666666667,0.48,0.6,0,1,0.666666666667,0.48,16.0,25.0,,0.6,0.06
91,77853,A27BPRHBM28XZS,91,3/10/17 9:08,1.48914e+12,O,1476,5316,0.84,0.6,right,1.0,1.0,3Q5C1WP23N6BPCK8JC4ALVGWVCH15Y,3VQTAXTYN3QR05ULW805AZP12RQUB0,0,aodI,30,31,75,0,False,combined,42,30,8,20,0,1.0,1.0,0.16,0.4,0.16,0.4,0,0,,,,,,,1.0
92,77855,A27BPRHBM28XZS,92,3/10/17 9:08,1.48914e+12,X,1473,5316,0.16,0.12,left,1.0,1.0,3Q5C1WP23N6BPCK8JC4ALVGWVCH15Y,3VQTAXTYN3QR05ULW805AZP12RQUB0,0,aodI,30,74,60,74,False,combined,8,7,42,43,0,1.0,1.0,0.84,0.86,0.84,0.86,0,0,,,,,,,1.0
93,77856,A27BPRHBM28XZS,93,3/10/17 9:08,1.48914e+12,X,1146,5316,0.36,0.08,left,1.0,0.1,3Q5C1WP23N6BPCK8JC4ALVGWVCH15Y,3VQTAXTYN3QR05ULW805AZP12RQUB0,0,aodI,30,98,71,98,False,combined,18,0,32,5,0,1.0,0.1,0.64,1.0,0.64,0.857142857143,0,1,1.0,0.64,71.0,98.0,,0.857142857143,0.1
94,77858,A27BPRHBM28XZS,94,3/10/17 9:08,1.48914e+12,X,1583,5316,0.48,0.72,left,1.0,1.0,3Q5C1WP23N6BPCK8JC4ALVGWVCH15Y,3VQTAXTYN3QR05ULW805AZP12RQUB0,0,aodI,30,25,55,25,False,combined,24,36,26,14,0,1.0,1.0,0.52,0.28,0.52,0.28,0,0,,,,,,,1.0
95,77859,A27BPRHBM28XZS,95,3/10/17 9:08,1.48914e+12,O,1333,5341,0.28,0.94,left,1.0,1.0,3Q5C1WP23N6BPCK8JC4ALVGWVCH15Y,3VQTAXTYN3QR05ULW805AZP12RQUB0,0,aodI,25,-12,-134,0,False,combined,14,46,36,4,0,1.0,1.0,0.72,0.08,0.72,0.08,0,0,,,,,,,1.0
96,77861,A27BPRHBM28XZS,96,3/10/17 9:09,1.48914e+12,X,1100,5341,0.78,0.32,right,1.0,0.2,3Q5C1WP23N6BPCK8JC4ALVGWVCH15Y,3VQTAXTYN3QR05ULW805AZP12RQUB0,0,aodI,25,-11,-4,-4,False,combined,39,2,11,8,0,1.0,0.2,0.22,0.8,0.22,0.75,0,1,0.8,0.22,-4.0,-11.0,,0.75,0.2
97,77862,A27BPRHBM28XZS,97,3/10/17 9:09,1.48914e+12,X,1276,5341,0.38,0.52,right,1.0,0.02,3Q5C1WP23N6BPCK8JC4ALVGWVCH15Y,3VQTAXTYN3QR05ULW805AZP12RQUB0,0,aodI,25,-13,-9,-9,False,combined,20,0,30,1,0,1.0,0.02,0.6,1.0,0.6,0.666666666667,0,1,1.0,0.6,-9.0,-13.0,,0.666666666667,0.02
98,77864,A27BPRHBM28XZS,98,3/10/17 9:09,1.48914e+12,O,2346,5341,0.36,0.84,right,1.0,0.4,3Q5C1WP23N6BPCK8JC4ALVGWVCH15Y,3VQTAXTYN3QR05ULW805AZP12RQUB0,0,aodI,25,-47,-99,0,False,combined,19,17,31,3,0,1.0,0.4,0.62,0.15,0.62,0.181818181818,0,1,0.15,0.62,-99.0,-47.0,,0.181818181818,0.4
99,77865,A27BPRHBM28XZS,99,3/10/17 9:09,1.48914e+12,O,1620,5341,0.7,0.54,left,1.0,0.1,3Q5C1WP23N6BPCK8JC4ALVGWVCH15Y,3VQTAXTYN3QR05ULW805AZP12RQUB0,0,aodI,25,-60,-40,0,False,combined,35,3,15,2,0,1.0,0.1,0.3,0.4,0.3,0.428571428571,0,1,0.4,0.3,-40.0,-60.0,,0.428571428571,0.1
100,77874,A27BPRHBM28XZS,100,3/10/17 9:13,1.48914e+12,O,2832,5337,0.58,0.74,right,1.0,0.4,3Q5C1WP23N6BPCK8JC4ALVGWVCH15Y,3VQTAXTYN3QR05ULW805AZP12RQUB0,0,aodI,-4,-33,-60,0,False,combined,28,18,22,2,0,1.0,0.4,0.44,0.1,0.44,0.136363636364,0,1,0.1,0.44,-60.0,-33.0,,0.136363636364,0.4
101,77875,A27BPRHBM28XZS,101,3/10/17 9:13,1.48914e+12,O,1443,5337,0.12,0.84,right,0.02,1.0,3Q5C1WP23N6BPCK8JC4ALVGWVCH15Y,3VQTAXTYN3QR05ULW805AZP12RQUB0,0,aodI,-4,-34,-94,0,False,combined,0,42,1,8,0,0.02,1.0,1.0,0.16,0.666666666667,0.16,1,0,1.0,0.16,-34.0,-94.0,,0.666666666667,0.02
102,77876,A27BPRHBM28XZS,102,3/10/17 9:13,1.48914e+12,X,3531,5337,0.04,0.32,left,0.1,1.0,3Q5C1WP23N6BPCK8JC4ALVGWVCH15Y,3VQTAXTYN3QR05ULW805AZP12RQUB0,0,aodI,-4,-72,-89,-72,False,combined,0,16,5,34,0,0.1,1.0,1.0,0.68,0.857142857143,0.68,1,0,1.0,0.68,-72.0,-89.0,,0.857142857143,0.1
103,77877,A27BPRHBM28XZS,103,3/10/17 9:13,1.48914e+12,O,1597,5337,0.52,0.76,right,1.0,1.0,3Q5C1WP23N6BPCK8JC4ALVGWVCH15Y,3VQTAXTYN3QR05ULW805AZP12RQUB0,0,aodI,-4,-11,-14,0,False,combined,26,37,24,13,0,1.0,1.0,0.48,0.26,0.48,0.26,0,0,,,,,,,1.0
104,77878,A27BPRHBM28XZS,104,3/10/17 9:13,1.48914e+12,X,917,5337,0.96,0.08,right,1.0,1.0,3Q5C1WP23N6BPCK8JC4ALVGWVCH15Y,3VQTAXTYN3QR05ULW805AZP12RQUB0,0,aodI,-4,-125,-5,-5,False,combined,48,4,2,46,0,1.0,1.0,0.04,0.92,0.04,0.92,0,0,,,,,,,1.0
105,77879,A27BPRHBM28XZS,105,3/10/17 9:14,1.48914e+12,O,1799,5337,0.44,0.92,right,0.8,1.0,3Q5C1WP23N6BPCK8JC4ALVGWVCH15Y,3VQTAXTYN3QR05ULW805AZP12RQUB0,0,aodI,0,5,56,0,False,combined,19,46,21,4,0,0.8,1.0,0.525,0.08,0.52380952381,0.08,1,0,0.525,0.08,5.0,56.0,,0.52380952381,0.8
106,77880,A27BPRHBM28XZS,106,3/10/17 9:14,1.48914e+12,O,1593,5337,0.12,0.7,right,1.0,0.2,3Q5C1WP23N6BPCK8JC4ALVGWVCH15Y,3VQTAXTYN3QR05ULW805AZP12RQUB0,0,aodI,0,26,73,0,False,combined,6,5,44,5,0,1.0,0.2,0.88,0.5,0.88,0.5,0,1,0.5,0.88,73.0,26.0,,0.5,0.2
107,77881,A27BPRHBM28XZS,107,3/10/17 9:14,1.48914e+12,X,934,5337,0.56,0.28,right,1.0,1.0,3Q5C1WP23N6BPCK8JC4ALVGWVCH15Y,3VQTAXTYN3QR05ULW805AZP12RQUB0,0,aodI,0,11,42,42,False,combined,27,13,23,37,0,1.0,1.0,0.46,0.74,0.46,0.74,0,0,,,,,,,1.0
108,77882,A27BPRHBM28XZS,108,3/10/17 9:14,1.48914e+12,O,1131,5337,0.36,0.32,left,1.0,1.0,3Q5C1WP23N6BPCK8JC4ALVGWVCH15Y,3VQTAXTYN3QR05ULW805AZP12RQUB0,0,aodI,0,23,7,0,False,combined,17,16,33,34,0,1.0,1.0,0.66,0.68,0.66,0.68,0,0,,,,,,,1.0
109,77883,A27BPRHBM28XZS,109,3/10/17 9:14,1.48914e+12,X,789,5337,0.28,0.2,left,1.0,1.0,3Q5C1WP23N6BPCK8JC4ALVGWVCH15Y,3VQTAXTYN3QR05ULW805AZP12RQUB0,0,aodI,0,47,24,47,False,combined,13,11,37,39,0,1.0,1.0,0.74,0.78,0.74,0.78,0,0,,,,,,,1.0
110,77884,A27BPRHBM28XZS,110,3/10/17 9:14,1.48914e+12,O,2507,5337,0.18,0.8,right,1.0,1.0,3Q5C1WP23N6BPCK8JC4ALVGWVCH15Y,3VQTAXTYN3QR05ULW805AZP12RQUB0,0,aodI,0,-37,-100,0,False,combined,10,39,40,11,0,1.0,1.0,0.8,0.22,0.8,0.22,0,0,,,,,,,1.0
111,77885,A27BPRHBM28XZS,111,3/10/17 9:14,1.48914e+12,X,1947,5337,0.24,0.2,left,1.0,1.0,3Q5C1WP23N6BPCK8JC4ALVGWVCH15Y,3VQTAXTYN3QR05ULW805AZP12RQUB0,0,aodI,0,-39,-75,-39,False,combined,12,9,38,41,0,1.0,1.0,0.76,0.82,0.76,0.82,0,0,,,,,,,1.0
112,77886,A27BPRHBM28XZS,112,3/10/17 9:14,1.48914e+12,O,1617,5337,0.56,0.48,right,1.0,1.0,3Q5C1WP23N6BPCK8JC4ALVGWVCH15Y,3VQTAXTYN3QR05ULW805AZP12RQUB0,0,aodI,0,-136,-29,0,False,combined,28,24,22,26,0,1.0,1.0,0.44,0.52,0.44,0.52,0,0,,,,,,,1.0
113,77887,A27BPRHBM28XZS,113,3/10/17 9:15,1.48914e+12,O,2059,5337,0.6,0.44,left,0.1,1.0,3Q5C1WP23N6BPCK8JC4ALVGWVCH15Y,3VQTAXTYN3QR05ULW805AZP12RQUB0,0,aodI,0,-87,-55,0,False,combined,4,21,1,29,0,0.1,1.0,0.2,0.58,0.285714285714,0.58,1,0,0.2,0.58,-87.0,-55.0,,0.285714285714,0.1
114,77888,A27BPRHBM28XZS,114,3/10/17 9:15,1.48914e+12,X,2795,5337,0.68,0.1,left,1.0,0.8,3Q5C1WP23N6BPCK8JC4ALVGWVCH15Y,3VQTAXTYN3QR05ULW805AZP12RQUB0,0,aodI,0,-85,-35,-85,False,combined,33,6,17,34,0,1.0,0.8,0.34,0.85,0.34,0.833333333333,0,1,0.85,0.34,-35.0,-85.0,,0.833333333333,0.8
115,77889,A27BPRHBM28XZS,115,3/10/17 9:15,1.48914e+12,X,2110,5337,0.38,0.1,left,1.0,0.8,3Q5C1WP23N6BPCK8JC4ALVGWVCH15Y,3VQTAXTYN3QR05ULW805AZP12RQUB0,0,aodI,0,55,42,55,False,combined,19,6,31,34,0,1.0,0.8,0.62,0.85,0.62,0.833333333333,0,1,0.85,0.62,42.0,55.0,,0.833333333333,0.8
116,77890,A27BPRHBM28XZS,116,3/10/17 9:15,1.48914e+12,X,1055,5337,0.04,0.52,right,1.0,1.0,3Q5C1WP23N6BPCK8JC4ALVGWVCH15Y,3VQTAXTYN3QR05ULW805AZP12RQUB0,0,aodI,0,31,31,31,False,combined,3,25,47,25,0,1.0,1.0,0.94,0.5,0.94,0.5,0,0,,,,,,,1.0
117,77891,A27BPRHBM28XZS,117,3/10/17 9:15,1.48914e+12,O,799,5337,0.3,0.44,left,1.0,1.0,3Q5C1WP23N6BPCK8JC4ALVGWVCH15Y,3VQTAXTYN3QR05ULW805AZP12RQUB0,0,aodI,0,5,12,0,False,combined,14,22,36,28,0,1.0,1.0,0.72,0.56,0.72,0.56,0,0,,,,,,,1.0
118,77892,A27BPRHBM28XZS,118,3/10/17 9:15,1.48914e+12,X,1903,5337,0.36,0.62,left,0.02,1.0,3Q5C1WP23N6BPCK8JC4ALVGWVCH15Y,3VQTAXTYN3QR05ULW805AZP12RQUB0,0,aodI,0,38,81,38,False,combined,1,31,0,19,0,0.02,1.0,0.0,0.38,0.333333333333,0.38,1,0,0.0,0.38,38.0,81.0,,0.333333333333,0.02
119,77893,A27BPRHBM28XZS,119,3/10/17 9:15,1.48914e+12,X,1596,5337,0.16,0.58,right,1.0,1.0,3Q5C1WP23N6BPCK8JC4ALVGWVCH15Y,3VQTAXTYN3QR05ULW805AZP12RQUB0,0,aodI,0,7,14,14,False,combined,9,27,41,23,0,1.0,1.0,0.82,0.46,0.82,0.46,0,0,,,,,,,1.0
120,77894,A27BPRHBM28XZS,120,3/10/17 9:16,1.48914e+12,X,3367,5351,0.14,0.58,left,1.0,0.2,3Q5C1WP23N6BPCK8JC4ALVGWVCH15Y,3VQTAXTYN3QR05ULW805AZP12RQUB0,0,aodI,14,-20,-44,-20,False,combined,7,1,43,9,0,1.0,0.2,0.86,0.9,0.86,0.833333333333,0,1,0.9,0.86,-44.0,-20.0,,0.833333333333,0.2
121,77895,A27BPRHBM28XZS,121,3/10/17 9:16,1.48914e+12,X,3115,5351,0.28,0.16,left,1.0,0.06,3Q5C1WP23N6BPCK8JC4ALVGWVCH15Y,3VQTAXTYN3QR05ULW805AZP12RQUB0,0,aodI,14,-42,-71,-42,False,combined,14,0,36,3,0,1.0,0.06,0.72,1.0,0.72,0.8,0,1,1.0,0.72,-71.0,-42.0,,0.8,0.06
122,77896,A27BPRHBM28XZS,122,3/10/17 9:16,1.48914e+12,X,1823,5351,0.42,0.42,right,1.0,1.0,3Q5C1WP23N6BPCK8JC4ALVGWVCH15Y,3VQTAXTYN3QR05ULW805AZP12RQUB0,0,aodI,14,-15,-17,-17,False,combined,21,21,29,29,0,1.0,1.0,0.58,0.58,0.58,0.58,0,0,,,,,,,1.0
123,77897,A27BPRHBM28XZS,123,3/10/17 9:16,1.48914e+12,O,1397,5351,0.78,0.58,right,1.0,1.0,3Q5C1WP23N6BPCK8JC4ALVGWVCH15Y,3VQTAXTYN3QR05ULW805AZP12RQUB0,0,aodI,14,-130,-68,0,False,combined,38,28,12,22,0,1.0,1.0,0.24,0.44,0.24,0.44,0,0,,,,,,,1.0
124,77898,A27BPRHBM28XZS,124,3/10/17 9:16,1.48914e+12,X,3456,5351,0.08,0.36,right,0.8,1.0,3Q5C1WP23N6BPCK8JC4ALVGWVCH15Y,3VQTAXTYN3QR05ULW805AZP12RQUB0,0,aodI,14,-70,-97,-97,False,combined,3,19,37,31,0,0.8,1.0,0.925,0.62,0.904761904762,0.62,1,0,0.925,0.62,-70.0,-97.0,,0.904761904762,0.8
125,77899,A27BPRHBM28XZS,125,3/10/17 9:16,1.48914e+12,X,1766,5309,0.32,0.04,right,1.0,1.0,3Q5C1WP23N6BPCK8JC4ALVGWVCH15Y,3VQTAXTYN3QR05ULW805AZP12RQUB0,0,aodI,-42,7,5,5,False,combined,16,2,34,48,0,1.0,1.0,0.68,0.96,0.68,0.96,0,0,,,,,,,1.0
126,77900,A27BPRHBM28XZS,126,3/10/17 9:16,1.48914e+12,X,1835,5309,0.08,0.24,left,0.4,1.0,3Q5C1WP23N6BPCK8JC4ALVGWVCH15Y,3VQTAXTYN3QR05ULW805AZP12RQUB0,0,aodI,-42,74,78,74,False,combined,1,12,19,38,0,0.4,1.0,0.95,0.76,0.909090909091,0.76,1,0,0.95,0.76,74.0,78.0,,0.909090909091,0.4
127,77901,A27BPRHBM28XZS,127,3/10/17 9:16,1.48914e+12,X,1126,5309,0.42,0.08,right,0.06,1.0,3Q5C1WP23N6BPCK8JC4ALVGWVCH15Y,3VQTAXTYN3QR05ULW805AZP12RQUB0,0,aodI,-42,16,15,15,False,combined,1,4,2,46,0,0.06,1.0,0.666666666667,0.92,0.6,0.92,1,0,0.666666666667,0.92,16.0,15.0,,0.6,0.06
128,77902,A27BPRHBM28XZS,128,3/10/17 9:17,1.48914e+12,O,1155,5309,0.72,0.64,right,0.02,1.0,3Q5C1WP23N6BPCK8JC4ALVGWVCH15Y,3VQTAXTYN3QR05ULW805AZP12RQUB0,0,aodI,-42,84,74,0,False,combined,0,32,1,18,0,0.02,1.0,1.0,0.36,0.666666666667,0.36,1,0,1.0,0.36,84.0,74.0,,0.666666666667,0.02
129,77903,A27BPRHBM28XZS,129,3/10/17 9:17,1.48914e+12,O,1793,5309,0.48,0.36,right,1.0,0.2,3Q5C1WP23N6BPCK8JC4ALVGWVCH15Y,3VQTAXTYN3QR05ULW805AZP12RQUB0,0,aodI,-42,115,94,0,False,combined,24,3,26,7,0,1.0,0.2,0.52,0.7,0.52,0.666666666667,0,1,0.7,0.52,94.0,115.0,,0.666666666667,0.2
130,77904,A27BPRHBM28XZS,130,3/10/17 9:17,1.48914e+12,O,2052,5324,0.12,0.7,right,1.0,0.4,3Q5C1WP23N6BPCK8JC4ALVGWVCH15Y,3VQTAXTYN3QR05ULW805AZP12RQUB0,0,aodI,15,-16,-46,0,False,combined,7,15,43,5,0,1.0,0.4,0.86,0.25,0.86,0.272727272727,0,1,0.25,0.86,-46.0,-16.0,,0.272727272727,0.4
131,77905,A27BPRHBM28XZS,131,3/10/17 9:17,1.48914e+12,X,1923,5324,0.24,0.2,right,1.0,1.0,3Q5C1WP23N6BPCK8JC4ALVGWVCH15Y,3VQTAXTYN3QR05ULW805AZP12RQUB0,0,aodI,15,-96,-86,-86,False,combined,12,10,38,40,0,1.0,1.0,0.76,0.8,0.76,0.8,0,0,,,,,,,1.0
132,77906,A27BPRHBM28XZS,132,3/10/17 9:17,1.48914e+12,O,2085,5324,0.68,0.64,left,1.0,1.0,3Q5C1WP23N6BPCK8JC4ALVGWVCH15Y,3VQTAXTYN3QR05ULW805AZP12RQUB0,0,aodI,15,-29,-48,0,False,combined,33,32,17,18,0,1.0,1.0,0.34,0.36,0.34,0.36,0,0,,,,,,,1.0
133,77907,A27BPRHBM28XZS,133,3/10/17 9:17,1.48914e+12,O,1772,5324,0.88,0.12,right,0.06,1.0,3Q5C1WP23N6BPCK8JC4ALVGWVCH15Y,3VQTAXTYN3QR05ULW805AZP12RQUB0,0,aodI,15,-125,-17,0,False,combined,2,7,1,43,0,0.06,1.0,0.333333333333,0.86,0.4,0.86,1,0,0.333333333333,0.86,-125.0,-17.0,,0.4,0.06
134,77908,A27BPRHBM28XZS,134,3/10/17 9:17,1.48914e+12,O,1529,5324,0.2,0.44,right,1.0,1.0,3Q5C1WP23N6BPCK8JC4ALVGWVCH15Y,3VQTAXTYN3QR05ULW805AZP12RQUB0,0,aodI,15,-38,-27,0,False,combined,10,23,40,27,0,1.0,1.0,0.8,0.54,0.8,0.54,0,0,,,,,,,1.0
135,77909,A27BPRHBM28XZS,135,3/10/17 9:18,1.48914e+12,X,1706,5238,0.16,0.08,right,1.0,1.0,3Q5C1WP23N6BPCK8JC4ALVGWVCH15Y,3VQTAXTYN3QR05ULW805AZP12RQUB0,0,aodI,-86,6,5,5,False,combined,8,4,42,46,0,1.0,1.0,0.84,0.92,0.84,0.92,0,0,,,,,,,1.0
136,77910,A27BPRHBM28XZS,136,3/10/17 9:18,1.48914e+12,X,1560,5238,0.12,0.84,left,1.0,1.0,3Q5C1WP23N6BPCK8JC4ALVGWVCH15Y,3VQTAXTYN3QR05ULW805AZP12RQUB0,0,aodI,-86,34,94,34,False,combined,7,41,43,9,0,1.0,1.0,0.86,0.18,0.86,0.18,0,0,,,,,,,1.0
137,77911,A27BPRHBM28XZS,137,3/10/17 9:18,1.48914e+12,O,2622,5238,0.4,0.66,right,0.2,1.0,3Q5C1WP23N6BPCK8JC4ALVGWVCH15Y,3VQTAXTYN3QR05ULW805AZP12RQUB0,0,aodI,-86,54,74,0,False,combined,5,31,5,19,0,0.2,1.0,0.5,0.38,0.5,0.38,1,0,0.5,0.38,54.0,74.0,,0.5,0.2
138,77912,A27BPRHBM28XZS,138,3/10/17 9:18,1.48914e+12,X,1475,5238,0.74,0.52,right,1.0,1.0,3Q5C1WP23N6BPCK8JC4ALVGWVCH15Y,3VQTAXTYN3QR05ULW805AZP12RQUB0,0,aodI,-86,8,9,9,False,combined,37,25,13,25,0,1.0,1.0,0.26,0.5,0.26,0.5,0,0,,,,,,,1.0
139,77913,A27BPRHBM28XZS,139,3/10/17 9:18,1.48914e+12,X,1392,5238,0.32,0.78,right,1.0,0.02,3Q5C1WP23N6BPCK8JC4ALVGWVCH15Y,3VQTAXTYN3QR05ULW805AZP12RQUB0,0,aodI,-86,7,27,27,False,combined,16,1,34,0,0,1.0,0.02,0.68,0.0,0.68,0.333333333333,0,1,0.0,0.68,27.0,7.0,,0.333333333333,0.02
140,77914,A27BPRHBM28XZS,140,3/10/17 9:18,1.48914e+12,X,1126,5238,0.48,0.08,left,1.0,0.4,3Q5C1WP23N6BPCK8JC4ALVGWVCH15Y,3VQTAXTYN3QR05ULW805AZP12RQUB0,0,aodI,0,115,5,115,False,combined,23,3,27,17,0,1.0,0.4,0.54,0.85,0.54,0.818181818182,0,1,0.85,0.54,5.0,115.0,,0.818181818182,0.4
141,77915,A27BPRHBM28XZS,141,3/10/17 9:18,1.48914e+12,X,1448,5238,0.24,0.44,left,1.0,1.0,3Q5C1WP23N6BPCK8JC4ALVGWVCH15Y,3VQTAXTYN3QR05ULW805AZP12RQUB0,0,aodI,0,77,118,77,False,combined,12,23,38,27,0,1.0,1.0,0.76,0.54,0.76,0.54,0,0,,,,,,,1.0
142,77916,A27BPRHBM28XZS,142,3/10/17 9:18,1.48914e+12,X,1041,5238,0.14,0.08,right,1.0,1.0,3Q5C1WP23N6BPCK8JC4ALVGWVCH15Y,3VQTAXTYN3QR05ULW805AZP12RQUB0,0,aodI,0,29,25,25,False,combined,6,4,44,46,0,1.0,1.0,0.88,0.92,0.88,0.92,0,0,,,,,,,1.0
143,77917,A27BPRHBM28XZS,143,3/10/17 9:19,1.48914e+12,X,1201,5238,0.32,0.16,right,0.4,1.0,3Q5C1WP23N6BPCK8JC4ALVGWVCH15Y,3VQTAXTYN3QR05ULW805AZP12RQUB0,0,aodI,0,91,84,84,False,combined,7,8,13,42,0,0.4,1.0,0.65,0.84,0.636363636364,0.84,1,0,0.65,0.84,91.0,84.0,,0.636363636364,0.4
144,77918,A27BPRHBM28XZS,144,3/10/17 9:19,1.48914e+12,X,1356,5238,0.56,0.52,left,1.0,1.0,3Q5C1WP23N6BPCK8JC4ALVGWVCH15Y,3VQTAXTYN3QR05ULW805AZP12RQUB0,0,aodI,0,144,114,144,False,combined,28,26,22,24,0,1.0,1.0,0.44,0.48,0.44,0.48,0,0,,,,,,,1.0
145,77919,A27BPRHBM28XZS,145,3/10/17 9:19,1.48914e+12,O,1810,5263,0.36,0.62,right,0.2,1.0,3Q5C1WP23N6BPCK8JC4ALVGWVCH15Y,3VQTAXTYN3QR05ULW805AZP12RQUB0,0,aodI,25,-38,-81,0,False,combined,3,31,7,19,0,0.2,1.0,0.7,0.38,0.666666666667,0.38,1,0,0.7,0.38,-38.0,-81.0,,0.666666666667,0.2
146,77920,A27BPRHBM28XZS,146,3/10/17 9:19,1.48914e+12,X,1361,5263,0.32,0.78,right,0.4,1.0,3Q5C1WP23N6BPCK8JC4ALVGWVCH15Y,3VQTAXTYN3QR05ULW805AZP12RQUB0,0,aodI,25,-4,-11,-11,False,combined,5,39,15,11,0,0.4,1.0,0.75,0.22,0.727272727273,0.22,1,0,0.75,0.22,-4.0,-11.0,,0.727272727273,0.4
147,77921,A27BPRHBM28XZS,147,3/10/17 9:19,1.48914e+12,X,1634,5263,0.08,0.36,right,0.2,1.0,3Q5C1WP23N6BPCK8JC4ALVGWVCH15Y,3VQTAXTYN3QR05ULW805AZP12RQUB0,0,aodI,25,-70,-97,-97,False,combined,1,18,9,32,0,0.2,1.0,0.9,0.64,0.833333333333,0.64,1,0,0.9,0.64,-70.0,-97.0,,0.833333333333,0.2
148,77922,A27BPRHBM28XZS,148,3/10/17 9:19,1.48914e+12,X,921,5263,0.9,0.44,right,1.0,0.1,3Q5C1WP23N6BPCK8JC4ALVGWVCH15Y,3VQTAXTYN3QR05ULW805AZP12RQUB0,0,aodI,25,-33,-5,-5,False,combined,46,1,4,4,0,1.0,0.1,0.08,0.8,0.08,0.714285714286,0,1,0.8,0.08,-5.0,-33.0,,0.714285714286,0.1
149,77923,A27BPRHBM28XZS,149,3/10/17 9:19,1.48914e+12,X,1466,5263,0.2,0.32,left,1.0,1.0,3Q5C1WP23N6BPCK8JC4ALVGWVCH15Y,3VQTAXTYN3QR05ULW805AZP12RQUB0,0,aodI,25,-19,-48,-19,False,combined,10,16,40,34,0,1.0,1.0,0.8,0.68,0.8,0.68,0,0,,,,,,,1.0
150,77924,A27BPRHBM28XZS,150,3/10/17 9:27,1.48914e+12,X,1780,5263,0.32,0.04,left,1.0,1.0,3Q5C1WP23N6BPCK8JC4ALVGWVCH15Y,3VQTAXTYN3QR05ULW805AZP12RQUB0,0,aodI,0,-7,-5,-7,False,combined,16,2,34,48,0,1.0,1.0,0.68,0.96,0.68,0.96,0,0,,,,,,,1.0
151,77925,A27BPRHBM28XZS,151,3/10/17 9:27,1.48914e+12,X,2539,5263,0.08,0.24,left,0.4,1.0,3Q5C1WP23N6BPCK8JC4ALVGWVCH15Y,3VQTAXTYN3QR05ULW805AZP12RQUB0,0,aodI,0,-74,-78,-74,False,combined,1,12,19,38,0,0.4,1.0,0.95,0.76,0.909090909091,0.76,1,0,0.95,0.76,-74.0,-78.0,,0.909090909091,0.4
152,77926,A27BPRHBM28XZS,152,3/10/17 9:27,1.48914e+12,X,2799,5263,0.42,0.08,left,0.06,1.0,3Q5C1WP23N6BPCK8JC4ALVGWVCH15Y,3VQTAXTYN3QR05ULW805AZP12RQUB0,0,aodI,0,-16,-15,-16,False,combined,1,4,2,46,0,0.06,1.0,0.666666666667,0.92,0.6,0.92,1,0,0.666666666667,0.92,-16.0,-15.0,,0.6,0.06
153,77927,A27BPRHBM28XZS,153,3/10/17 9:27,1.48914e+12,X,1677,5263,0.72,0.64,right,0.02,1.0,3Q5C1WP23N6BPCK8JC4ALVGWVCH15Y,3VQTAXTYN3QR05ULW805AZP12RQUB0,0,aodI,0,-84,-74,-74,False,combined,0,32,1,18,0,0.02,1.0,1.0,0.36,0.666666666667,0.36,1,0,1.0,0.36,-84.0,-74.0,,0.666666666667,0.02
154,77928,A27BPRHBM28XZS,154,3/10/17 9:27,1.48914e+12,X,1541,5263,0.48,0.36,right,1.0,0.2,3Q5C1WP23N6BPCK8JC4ALVGWVCH15Y,3VQTAXTYN3QR05ULW805AZP12RQUB0,0,aodI,0,-115,-94,-94,False,combined,24,3,26,7,0,1.0,0.2,0.52,0.7,0.52,0.666666666667,0,1,0.7,0.52,-94.0,-115.0,,0.666666666667,0.2
155,77929,A27BPRHBM28XZS,155,3/10/17 9:27,1.48914e+12,X,1993,5189,0.52,0.4,left,1.0,1.0,3Q5C1WP23N6BPCK8JC4ALVGWVCH15Y,3VQTAXTYN3QR05ULW805AZP12RQUB0,0,aodI,-74,138,106,138,False,combined,25,21,25,29,0,1.0,1.0,0.5,0.58,0.5,0.58,0,0,,,,,,,1.0
156,77930,A27BPRHBM28XZS,156,3/10/17 9:27,1.48914e+12,X,1062,5189,0.44,0.52,right,0.1,1.0,3Q5C1WP23N6BPCK8JC4ALVGWVCH15Y,3VQTAXTYN3QR05ULW805AZP12RQUB0,0,aodI,-74,9,63,63,False,combined,3,26,2,24,0,0.1,1.0,0.4,0.48,0.428571428571,0.48,1,0,0.4,0.48,9.0,63.0,,0.428571428571,0.1
157,77931,A27BPRHBM28XZS,157,3/10/17 9:28,1.48914e+12,X,1416,5189,0.24,0.16,left,1.0,0.8,3Q5C1WP23N6BPCK8JC4ALVGWVCH15Y,3VQTAXTYN3QR05ULW805AZP12RQUB0,0,aodI,-74,67,66,67,False,combined,12,9,38,31,0,1.0,0.8,0.76,0.775,0.76,0.761904761905,0,1,0.775,0.76,66.0,67.0,,0.761904761905,0.8
158,77932,A27BPRHBM28XZS,158,3/10/17 9:28,1.48914e+12,X,1662,5189,0.24,0.44,left,1.0,1.0,3Q5C1WP23N6BPCK8JC4ALVGWVCH15Y,3VQTAXTYN3QR05ULW805AZP12RQUB0,0,aodI,-74,30,48,30,False,combined,12,22,38,28,0,1.0,1.0,0.76,0.56,0.76,0.56,0,0,,,,,,,1.0
159,77933,A27BPRHBM28XZS,159,3/10/17 9:28,1.48914e+12,X,1843,5189,0.32,0.16,right,0.4,1.0,3Q5C1WP23N6BPCK8JC4ALVGWVCH15Y,3VQTAXTYN3QR05ULW805AZP12RQUB0,0,aodI,-74,93,82,82,False,combined,5,8,15,42,0,0.4,1.0,0.75,0.84,0.727272727273,0.84,1,0,0.75,0.84,93.0,82.0,,0.727272727273,0.4
160,77934,A27BPRHBM28XZS,160,3/10/17 9:28,1.48914e+12,X,2024,5252,0.1,0.56,left,0.02,1.0,3Q5C1WP23N6BPCK8JC4ALVGWVCH15Y,3VQTAXTYN3QR05ULW805AZP12RQUB0,0,aodI,63,-16,-25,-16,False,combined,1,26,0,24,0,0.02,1.0,0.0,0.48,0.333333333333,0.48,1,0,0.0,0.48,-16.0,-25.0,,0.333333333333,0.02
161,77935,A27BPRHBM28XZS,161,3/10/17 9:28,1.48914e+12,O,2042,5252,0.66,0.74,right,1.0,1.0,3Q5C1WP23N6BPCK8JC4ALVGWVCH15Y,3VQTAXTYN3QR05ULW805AZP12RQUB0,0,aodI,63,-44,-61,0,False,combined,33,36,17,14,0,1.0,1.0,0.34,0.28,0.34,0.28,0,0,,,,,,,1.0
162,77936,A27BPRHBM28XZS,162,3/10/17 9:28,1.48914e+12,X,1242,5252,0.26,0.1,left,1.0,1.0,3Q5C1WP23N6BPCK8JC4ALVGWVCH15Y,3VQTAXTYN3QR05ULW805AZP12RQUB0,0,aodI,63,-4,-15,-4,False,combined,12,5,38,45,0,1.0,1.0,0.76,0.9,0.76,0.9,0,0,,,,,,,1.0
163,77937,A27BPRHBM28XZS,163,3/10/17 9:28,1.48914e+12,O,1622,5252,0.56,0.56,left,1.0,0.06,3Q5C1WP23N6BPCK8JC4ALVGWVCH15Y,3VQTAXTYN3QR05ULW805AZP12RQUB0,0,aodI,63,-74,-60,0,False,combined,26,2,24,1,0,1.0,0.06,0.48,0.333333333333,0.48,0.4,0,1,0.333333333333,0.48,-60.0,-74.0,,0.4,0.06
164,77938,A27BPRHBM28XZS,164,3/10/17 9:28,1.48914e+12,O,1150,5252,0.04,0.22,right,1.0,1.0,3Q5C1WP23N6BPCK8JC4ALVGWVCH15Y,3VQTAXTYN3QR05ULW805AZP12RQUB0,0,aodI,63,-11,-2,0,False,combined,2,12,48,38,0,1.0,1.0,0.96,0.76,0.96,0.76,0,0,,,,,,,1.0
165,77939,A27BPRHBM28XZS,165,3/10/17 9:29,1.48914e+12,X,2044,5248,0.18,0.8,left,1.0,1.0,3Q5C1WP23N6BPCK8JC4ALVGWVCH15Y,3VQTAXTYN3QR05ULW805AZP12RQUB0,0,aodI,-4,37,100,37,False,combined,10,39,40,11,0,1.0,1.0,0.8,0.22,0.8,0.22,0,0,,,,,,,1.0
166,77940,A27BPRHBM28XZS,166,3/10/17 9:29,1.48914e+12,X,1202,5248,0.24,0.2,right,1.0,1.0,3Q5C1WP23N6BPCK8JC4ALVGWVCH15Y,3VQTAXTYN3QR05ULW805AZP12RQUB0,0,aodI,-4,39,75,75,False,combined,12,9,38,41,0,1.0,1.0,0.76,0.82,0.76,0.82,0,0,,,,,,,1.0
167,77941,A27BPRHBM28XZS,167,3/10/17 9:29,1.48914e+12,O,1482,5248,0.56,0.48,left,1.0,1.0,3Q5C1WP23N6BPCK8JC4ALVGWVCH15Y,3VQTAXTYN3QR05ULW805AZP12RQUB0,0,aodI,-4,136,29,0,False,combined,28,24,22,26,0,1.0,1.0,0.44,0.52,0.44,0.52,0,0,,,,,,,1.0
168,77942,A27BPRHBM28XZS,168,3/10/17 9:29,1.48914e+12,X,1302,5248,0.6,0.44,left,0.1,1.0,3Q5C1WP23N6BPCK8JC4ALVGWVCH15Y,3VQTAXTYN3QR05ULW805AZP12RQUB0,0,aodI,-4,87,55,87,False,combined,4,21,1,29,0,0.1,1.0,0.2,0.58,0.285714285714,0.58,1,0,0.2,0.58,87.0,55.0,,0.285714285714,0.1
169,77943,A27BPRHBM28XZS,169,3/10/17 9:29,1.48914e+12,O,1794,5248,0.68,0.1,right,1.0,0.8,3Q5C1WP23N6BPCK8JC4ALVGWVCH15Y,3VQTAXTYN3QR05ULW805AZP12RQUB0,0,aodI,-4,85,35,0,False,combined,33,6,17,34,0,1.0,0.8,0.34,0.85,0.34,0.833333333333,0,1,0.85,0.34,35.0,85.0,,0.833333333333,0.8
170,77944,A27BPRHBM28XZS,170,3/10/17 9:29,1.48914e+12,X,1216,5248,0.12,0.7,right,1.0,0.4,3Q5C1WP23N6BPCK8JC4ALVGWVCH15Y,3VQTAXTYN3QR05ULW805AZP12RQUB0,0,aodI,0,16,46,46,False,combined,7,15,43,5,0,1.0,0.4,0.86,0.25,0.86,0.272727272727,0,1,0.25,0.86,46.0,16.0,,0.272727272727,0.4
171,77945,A27BPRHBM28XZS,171,3/10/17 9:29,1.48914e+12,X,1512,5248,0.24,0.2,left,1.0,1.0,3Q5C1WP23N6BPCK8JC4ALVGWVCH15Y,3VQTAXTYN3QR05ULW805AZP12RQUB0,0,aodI,0,96,86,96,False,combined,12,10,38,40,0,1.0,1.0,0.76,0.8,0.76,0.8,0,0,,,,,,,1.0
172,77946,A27BPRHBM28XZS,172,3/10/17 9:29,1.48914e+12,O,1631,5248,0.68,0.64,right,1.0,1.0,3Q5C1WP23N6BPCK8JC4ALVGWVCH15Y,3VQTAXTYN3QR05ULW805AZP12RQUB0,0,aodI,0,29,48,0,False,combined,33,32,17,18,0,1.0,1.0,0.34,0.36,0.34,0.36,0,0,,,,,,,1.0
173,77947,A27BPRHBM28XZS,173,3/10/17 9:30,1.48914e+12,O,1007,5248,0.88,0.12,left,0.06,1.0,3Q5C1WP23N6BPCK8JC4ALVGWVCH15Y,3VQTAXTYN3QR05ULW805AZP12RQUB0,0,aodI,0,125,17,0,False,combined,2,7,1,43,0,0.06,1.0,0.333333333333,0.86,0.4,0.86,1,0,0.333333333333,0.86,125.0,17.0,,0.4,0.06
174,77948,A27BPRHBM28XZS,174,3/10/17 9:30,1.48914e+12,X,1680,5248,0.2,0.44,left,1.0,1.0,3Q5C1WP23N6BPCK8JC4ALVGWVCH15Y,3VQTAXTYN3QR05ULW805AZP12RQUB0,0,aodI,0,38,27,38,False,combined,10,23,40,27,0,1.0,1.0,0.8,0.54,0.8,0.54,0,0,,,,,,,1.0
175,77949,A27BPRHBM28XZS,175,3/10/17 9:30,1.48914e+12,X,1624,5294,0.52,0.4,right,1.0,1.0,3Q5C1WP23N6BPCK8JC4ALVGWVCH15Y,3VQTAXTYN3QR05ULW805AZP12RQUB0,0,aodI,46,-138,-106,-106,False,combined,25,20,25,30,0,1.0,1.0,0.5,0.6,0.5,0.6,0,0,,,,,,,1.0
176,77950,A27BPRHBM28XZS,176,3/10/17 9:30,1.48914e+12,O,756,5294,0.44,0.52,left,0.1,1.0,3Q5C1WP23N6BPCK8JC4ALVGWVCH15Y,3VQTAXTYN3QR05ULW805AZP12RQUB0,0,aodI,46,-9,-63,0,False,combined,3,26,2,24,0,0.1,1.0,0.4,0.48,0.428571428571,0.48,1,0,0.4,0.48,-9.0,-63.0,,0.428571428571,0.1
177,77951,A27BPRHBM28XZS,177,3/10/17 9:30,1.48914e+12,O,4049,5294,0.24,0.16,left,1.0,0.8,3Q5C1WP23N6BPCK8JC4ALVGWVCH15Y,3VQTAXTYN3QR05ULW805AZP12RQUB0,0,aodI,46,-67,-66,0,False,combined,12,9,38,31,0,1.0,0.8,0.76,0.775,0.76,0.761904761905,0,1,0.775,0.76,-66.0,-67.0,,0.761904761905,0.8
178,77952,A27BPRHBM28XZS,178,3/10/17 9:30,1.48914e+12,X,1623,5294,0.24,0.44,right,1.0,1.0,3Q5C1WP23N6BPCK8JC4ALVGWVCH15Y,3VQTAXTYN3QR05ULW805AZP12RQUB0,0,aodI,46,-30,-48,-48,False,combined,12,22,38,28,0,1.0,1.0,0.76,0.56,0.76,0.56,0,0,,,,,,,1.0
179,77953,A27BPRHBM28XZS,179,3/10/17 9:30,1.48914e+12,X,1396,5294,0.32,0.16,left,0.4,1.0,3Q5C1WP23N6BPCK8JC4ALVGWVCH15Y,3VQTAXTYN3QR05ULW805AZP12RQUB0,0,aodI,46,-93,-82,-93,False,combined,5,8,15,42,0,0.4,1.0,0.75,0.84,0.727272727273,0.84,1,0,0.75,0.84,-93.0,-82.0,,0.727272727273,0.4
180,77954,A27BPRHBM28XZS,180,3/10/17 9:31,1.48914e+12,X,1503,5246,0.56,0.1,right,1.0,0.06,3Q5C1WP23N6BPCK8JC4ALVGWVCH15Y,3VQTAXTYN3QR05ULW805AZP12RQUB0,0,aodI,-48,-25,-16,-16,False,combined,26,0,24,3,0,1.0,0.06,0.48,1.0,0.48,0.8,0,1,1.0,0.48,-16.0,-25.0,,0.8,0.06
181,77955,A27BPRHBM28XZS,181,3/10/17 9:31,1.48914e+12,O,1853,5246,0.84,0.6,left,1.0,1.0,3Q5C1WP23N6BPCK8JC4ALVGWVCH15Y,3VQTAXTYN3QR05ULW805AZP12RQUB0,0,aodI,-48,-31,-75,0,False,combined,42,30,8,20,0,1.0,1.0,0.16,0.4,0.16,0.4,0,0,,,,,,,1.0
182,77956,A27BPRHBM28XZS,182,3/10/17 9:31,1.48914e+12,X,3512,5246,0.16,0.12,right,1.0,1.0,3Q5C1WP23N6BPCK8JC4ALVGWVCH15Y,3VQTAXTYN3QR05ULW805AZP12RQUB0,0,aodI,-48,-74,-60,-60,False,combined,8,7,42,43,0,1.0,1.0,0.84,0.86,0.84,0.86,0,0,,,,,,,1.0
183,77957,A27BPRHBM28XZS,183,3/10/17 9:31,1.48914e+12,X,2675,5246,0.36,0.08,left,1.0,0.1,3Q5C1WP23N6BPCK8JC4ALVGWVCH15Y,3VQTAXTYN3QR05ULW805AZP12RQUB0,0,aodI,-48,-98,-71,-98,False,combined,18,0,32,5,0,1.0,0.1,0.64,1.0,0.64,0.857142857143,0,1,1.0,0.64,-71.0,-98.0,,0.857142857143,0.1
184,77958,A27BPRHBM28XZS,184,3/10/17 9:31,1.48914e+12,O,3195,5246,0.48,0.72,right,1.0,1.0,3Q5C1WP23N6BPCK8JC4ALVGWVCH15Y,3VQTAXTYN3QR05ULW805AZP12RQUB0,0,aodI,-48,-25,-55,0,False,combined,24,36,26,14,0,1.0,1.0,0.52,0.28,0.52,0.28,0,0,,,,,,,1.0
185,77959,A27BPRHBM28XZS,185,3/10/17 9:31,1.48914e+12,X,2186,5148,0.1,0.56,left,0.02,1.0,3Q5C1WP23N6BPCK8JC4ALVGWVCH15Y,3VQTAXTYN3QR05ULW805AZP12RQUB0,0,aodI,-98,16,25,16,False,combined,1,26,0,24,0,0.02,1.0,0.0,0.48,0.333333333333,0.48,1,0,0.0,0.48,16.0,25.0,,0.333333333333,0.02
186,77960,A27BPRHBM28XZS,186,3/10/17 9:31,1.48914e+12,X,1928,5148,0.66,0.74,left,1.0,1.0,3Q5C1WP23N6BPCK8JC4ALVGWVCH15Y,3VQTAXTYN3QR05ULW805AZP12RQUB0,0,aodI,-98,44,61,44,False,combined,33,36,17,14,0,1.0,1.0,0.34,0.28,0.34,0.28,0,0,,,,,,,1.0
187,77961,A27BPRHBM28XZS,187,3/10/17 9:32,1.48914e+12,X,1100,5148,0.26,0.1,right,1.0,1.0,3Q5C1WP23N6BPCK8JC4ALVGWVCH15Y,3VQTAXTYN3QR05ULW805AZP12RQUB0,0,aodI,-98,4,15,15,False,combined,12,5,38,45,0,1.0,1.0,0.76,0.9,0.76,0.9,0,0,,,,,,,1.0
188,77962,A27BPRHBM28XZS,188,3/10/17 9:32,1.48914e+12,X,1388,5148,0.56,0.56,right,1.0,0.06,3Q5C1WP23N6BPCK8JC4ALVGWVCH15Y,3VQTAXTYN3QR05ULW805AZP12RQUB0,0,aodI,-98,74,60,60,False,combined,26,2,24,1,0,1.0,0.06,0.48,0.333333333333,0.48,0.4,0,1,0.333333333333,0.48,60.0,74.0,,0.4,0.06
189,77963,A27BPRHBM28XZS,189,3/10/17 9:32,1.48914e+12,X,1558,5148,0.04,0.22,left,1.0,1.0,3Q5C1WP23N6BPCK8JC4ALVGWVCH15Y,3VQTAXTYN3QR05ULW805AZP12RQUB0,0,aodI,-98,11,2,11,False,combined,2,12,48,38,0,1.0,1.0,0.96,0.76,0.96,0.76,0,0,,,,,,,1.0
190,77964,A27BPRHBM28XZS,190,3/10/17 9:32,1.48914e+12,X,4556,5163,0.28,0.94,left,1.0,1.0,3Q5C1WP23N6BPCK8JC4ALVGWVCH15Y,3VQTAXTYN3QR05ULW805AZP12RQUB0,0,aodI,15,12,134,12,False,combined,14,46,36,4,0,1.0,1.0,0.72,0.08,0.72,0.08,0,0,,,,,,,1.0
191,77965,A27BPRHBM28XZS,191,3/10/17 9:32,1.48914e+12,X,1174,5163,0.78,0.32,right,1.0,0.2,3Q5C1WP23N6BPCK8JC4ALVGWVCH15Y,3VQTAXTYN3QR05ULW805AZP12RQUB0,0,aodI,15,11,4,4,False,combined,39,2,11,8,0,1.0,0.2,0.22,0.8,0.22,0.75,0,1,0.8,0.22,4.0,11.0,,0.75,0.2
192,77966,A27BPRHBM28XZS,192,3/10/17 9:32,1.48914e+12,O,1142,5163,0.38,0.52,left,1.0,0.02,3Q5C1WP23N6BPCK8JC4ALVGWVCH15Y,3VQTAXTYN3QR05ULW805AZP12RQUB0,0,aodI,15,13,9,0,False,combined,20,0,30,1,0,1.0,0.02,0.6,1.0,0.6,0.666666666667,0,1,1.0,0.6,9.0,13.0,,0.666666666667,0.02
193,77967,A27BPRHBM28XZS,193,3/10/17 9:32,1.48914e+12,O,1281,5163,0.36,0.84,right,1.0,0.4,3Q5C1WP23N6BPCK8JC4ALVGWVCH15Y,3VQTAXTYN3QR05ULW805AZP12RQUB0,0,aodI,15,47,99,0,False,combined,19,17,31,3,0,1.0,0.4,0.62,0.15,0.62,0.181818181818,0,1,0.15,0.62,99.0,47.0,,0.181818181818,0.4
194,77968,A27BPRHBM28XZS,194,3/10/17 9:32,1.48914e+12,O,1592,5163,0.7,0.54,right,1.0,0.1,3Q5C1WP23N6BPCK8JC4ALVGWVCH15Y,3VQTAXTYN3QR05ULW805AZP12RQUB0,0,aodI,15,60,40,0,False,combined,35,3,15,2,0,1.0,0.1,0.3,0.4,0.3,0.428571428571,0,1,0.4,0.3,40.0,60.0,,0.428571428571,0.1
195,77969,A27BPRHBM28XZS,195,3/10/17 9:33,1.48914e+12,O,1578,5163,0.72,0.38,left,1.0,1.0,3Q5C1WP23N6BPCK8JC4ALVGWVCH15Y,3VQTAXTYN3QR05ULW805AZP12RQUB0,0,aodI,0,-106,-44,0,False,combined,36,19,14,31,0,1.0,1.0,0.28,0.62,0.28,0.62,0,0,,,,,,,1.0
196,77970,A27BPRHBM28XZS,196,3/10/17 9:33,1.48914e+12,X,2083,5163,0.5,0.5,left,1.0,1.0,3Q5C1WP23N6BPCK8JC4ALVGWVCH15Y,3VQTAXTYN3QR05ULW805AZP12RQUB0,0,aodI,0,-11,-19,-11,False,combined,24,26,26,24,0,1.0,1.0,0.52,0.48,0.52,0.48,0,0,,,,,,,1.0
197,77971,A27BPRHBM28XZS,197,3/10/17 9:33,1.48914e+12,X,1676,5163,0.52,0.44,left,1.0,0.02,3Q5C1WP23N6BPCK8JC4ALVGWVCH15Y,3VQTAXTYN3QR05ULW805AZP12RQUB0,0,aodI,0,-125,-80,-125,False,combined,27,1,23,0,0,1.0,0.02,0.46,0.0,0.46,0.333333333333,0,1,0.0,0.46,-80.0,-125.0,,0.333333333333,0.02
198,77972,A27BPRHBM28XZS,198,3/10/17 9:33,1.48914e+12,X,1503,5163,0.26,0.6,right,1.0,1.0,3Q5C1WP23N6BPCK8JC4ALVGWVCH15Y,3VQTAXTYN3QR05ULW805AZP12RQUB0,0,aodI,0,-16,-38,-38,False,combined,13,30,37,20,0,1.0,1.0,0.74,0.4,0.74,0.4,0,0,,,,,,,1.0
199,77973,A27BPRHBM28XZS,199,3/10/17 9:33,1.48914e+12,O,1433,5163,0.36,0.08,left,1.0,0.02,3Q5C1WP23N6BPCK8JC4ALVGWVCH15Y,3VQTAXTYN3QR05ULW805AZP12RQUB0,0,aodI,0,-97,-70,0,False,combined,19,0,31,1,0,1.0,0.02,0.62,1.0,0.62,0.666666666667,0,1,1.0,0.62,-70.0,-97.0,,0.666666666667,0.02
200,77974,A27BPRHBM28XZS,200,3/10/17 9:34,1.48914e+12,O,2477,5163,0.4,0.68,right,0.1,1.0,3Q5C1WP23N6BPCK8JC4ALVGWVCH15Y,3VQTAXTYN3QR05ULW805AZP12RQUB0,0,aodI,0,-25,-47,0,False,combined,2,34,3,16,0,0.1,1.0,0.6,0.32,0.571428571429,0.32,1,0,0.6,0.32,-25.0,-47.0,,0.571428571429,0.1
201,77975,A27BPRHBM28XZS,201,3/10/17 9:34,1.48914e+12,X,1579,5163,0.04,0.32,left,0.4,1.0,3Q5C1WP23N6BPCK8JC4ALVGWVCH15Y,3VQTAXTYN3QR05ULW805AZP12RQUB0,0,aodI,0,-9,-18,-9,False,combined,0,17,20,33,0,0.4,1.0,1.0,0.66,0.954545454545,0.66,1,0,1.0,0.66,-9.0,-18.0,,0.954545454545,0.4
202,77976,A27BPRHBM28XZS,202,3/10/17 9:34,1.48914e+12,O,1461,5163,0.04,0.48,right,1.0,0.8,3Q5C1WP23N6BPCK8JC4ALVGWVCH15Y,3VQTAXTYN3QR05ULW805AZP12RQUB0,0,aodI,0,-63,-29,0,False,combined,3,19,47,21,0,1.0,0.8,0.94,0.525,0.94,0.52380952381,0,1,0.525,0.94,-29.0,-63.0,,0.52380952381,0.8
203,77977,A27BPRHBM28XZS,203,3/10/17 9:35,1.48914e+12,X,2494,5163,0.06,0.36,left,1.0,1.0,3Q5C1WP23N6BPCK8JC4ALVGWVCH15Y,3VQTAXTYN3QR05ULW805AZP12RQUB0,0,aodI,0,-39,-52,-39,False,combined,3,18,47,32,0,1.0,1.0,0.94,0.64,0.94,0.64,0,0,,,,,,,1.0
204,77978,A27BPRHBM28XZS,204,3/10/17 9:35,1.48914e+12,X,1314,5163,0.12,0.88,left,1.0,0.02,3Q5C1WP23N6BPCK8JC4ALVGWVCH15Y,3VQTAXTYN3QR05ULW805AZP12RQUB0,0,aodI,0,-17,-125,-17,False,combined,6,0,44,1,0,1.0,0.02,0.88,1.0,0.88,0.666666666667,0,1,1.0,0.88,-125.0,-17.0,,0.666666666667,0.02
205,77979,A27BPRHBM28XZS,205,3/10/17 9:35,1.48914e+12,X,1970,5146,0.52,0.38,right,0.8,1.0,3Q5C1WP23N6BPCK8JC4ALVGWVCH15Y,3VQTAXTYN3QR05ULW805AZP12RQUB0,0,aodI,-17,9,13,13,False,combined,20,19,20,31,0,0.8,1.0,0.5,0.62,0.5,0.62,1,0,0.5,0.62,9.0,13.0,,0.5,0.8
206,77980,A27BPRHBM28XZS,206,3/10/17 9:35,1.48914e+12,X,1356,5146,0.12,0.84,left,0.2,1.0,3Q5C1WP23N6BPCK8JC4ALVGWVCH15Y,3VQTAXTYN3QR05ULW805AZP12RQUB0,0,aodI,-17,34,94,34,False,combined,3,41,7,9,0,0.2,1.0,0.7,0.18,0.666666666667,0.18,1,0,0.7,0.18,34.0,94.0,,0.666666666667,0.2
207,77981,A27BPRHBM28XZS,207,3/10/17 9:35,1.48914e+12,X,1091,5146,0.26,0.62,left,1.0,1.0,3Q5C1WP23N6BPCK8JC4ALVGWVCH15Y,3VQTAXTYN3QR05ULW805AZP12RQUB0,0,aodI,-17,28,40,28,False,combined,13,31,37,19,0,1.0,1.0,0.74,0.38,0.74,0.38,0,0,,,,,,,1.0
208,77982,A27BPRHBM28XZS,208,3/10/17 9:35,1.48914e+12,X,1488,5146,0.72,0.32,right,1.0,1.0,3Q5C1WP23N6BPCK8JC4ALVGWVCH15Y,3VQTAXTYN3QR05ULW805AZP12RQUB0,0,aodI,-17,62,22,22,False,combined,37,15,13,35,0,1.0,1.0,0.26,0.7,0.26,0.7,0,0,,,,,,,1.0
209,77983,A27BPRHBM28XZS,209,3/10/17 9:35,1.48914e+12,O,1125,5146,0.8,0.62,left,1.0,1.0,3Q5C1WP23N6BPCK8JC4ALVGWVCH15Y,3VQTAXTYN3QR05ULW805AZP12RQUB0,0,aodI,-17,118,32,0,False,combined,39,31,11,19,0,1.0,1.0,0.22,0.38,0.22,0.38,0,0,,,,,,,1.0
210,77984,A27BPRHBM28XZS,210,3/10/17 9:35,1.48914e+12,O,2308,5174,0.76,0.28,left,0.2,1.0,3Q5C1WP23N6BPCK8JC4ALVGWVCH15Y,3VQTAXTYN3QR05ULW805AZP12RQUB0,0,aodI,28,-21,-7,0,False,combined,8,14,2,36,0,0.2,1.0,0.2,0.72,0.25,0.72,1,0,0.2,0.72,-21.0,-7.0,,0.25,0.2
211,77985,A27BPRHBM28XZS,211,3/10/17 9:36,1.48914e+12,X,1723,5174,0.52,0.6,right,1.0,1.0,3Q5C1WP23N6BPCK8JC4ALVGWVCH15Y,3VQTAXTYN3QR05ULW805AZP12RQUB0,0,aodI,28,-63,-13,-13,False,combined,25,30,25,20,0,1.0,1.0,0.5,0.4,0.5,0.4,0,0,,,,,,,1.0
212,77986,A27BPRHBM28XZS,212,3/10/17 9:36,1.48914e+12,O,2079,5174,0.72,0.34,left,1.0,0.06,3Q5C1WP23N6BPCK8JC4ALVGWVCH15Y,3VQTAXTYN3QR05ULW805AZP12RQUB0,0,aodI,28,-76,-38,0,False,combined,36,1,14,2,0,1.0,0.06,0.28,0.666666666667,0.28,0.6,0,1,0.666666666667,0.28,-38.0,-76.0,,0.6,0.06
213,77987,A27BPRHBM28XZS,213,3/10/17 9:36,1.48914e+12,X,1768,5174,0.34,0.06,right,1.0,1.0,3Q5C1WP23N6BPCK8JC4ALVGWVCH15Y,3VQTAXTYN3QR05ULW805AZP12RQUB0,0,aodI,28,-15,-5,-5,False,combined,18,2,32,48,0,1.0,1.0,0.64,0.96,0.64,0.96,0,0,,,,,,,1.0
214,77988,A27BPRHBM28XZS,214,3/10/17 9:36,1.48914e+12,X,5931,5174,0.56,0.56,right,0.02,1.0,3Q5C1WP23N6BPCK8JC4ALVGWVCH15Y,3VQTAXTYN3QR05ULW805AZP12RQUB0,0,aodI,28,-11,-14,-14,False,combined,0,27,1,23,0,0.02,1.0,1.0,0.46,0.666666666667,0.46,1,0,1.0,0.46,-11.0,-14.0,,0.666666666667,0.02
215,77989,A27BPRHBM28XZS,215,3/10/17 9:36,1.48914e+12,O,3993,5161,0.82,0.82,right,1.0,1.0,3Q5C1WP23N6BPCK8JC4ALVGWVCH15Y,3VQTAXTYN3QR05ULW805AZP12RQUB0,0,aodI,-13,-85,-78,0,False,combined,41,41,9,9,0,1.0,1.0,0.18,0.18,0.18,0.18,0,0,,,,,,,1.0
216,77990,A27BPRHBM28XZS,216,3/10/17 9:36,1.48914e+12,O,1421,5161,0.4,0.28,left,0.06,1.0,3Q5C1WP23N6BPCK8JC4ALVGWVCH15Y,3VQTAXTYN3QR05ULW805AZP12RQUB0,0,aodI,-13,-89,-74,0,False,combined,1,13,2,37,0,0.06,1.0,0.666666666667,0.74,0.6,0.74,1,0,0.666666666667,0.74,-89.0,-74.0,,0.6,0.06
217,77991,A27BPRHBM28XZS,217,3/10/17 9:36,1.48914e+12,O,2580,5161,0.12,0.52,right,1.0,1.0,3Q5C1WP23N6BPCK8JC4ALVGWVCH15Y,3VQTAXTYN3QR05ULW805AZP12RQUB0,0,aodI,-13,-54,-132,0,False,combined,6,26,44,24,0,1.0,1.0,0.88,0.48,0.88,0.48,0,0,,,,,,,1.0
218,77992,A27BPRHBM28XZS,218,3/10/17 9:37,1.48914e+12,X,891,5161,0.52,0.36,right,0.1,1.0,3Q5C1WP23N6BPCK8JC4ALVGWVCH15Y,3VQTAXTYN3QR05ULW805AZP12RQUB0,0,aodI,-13,-63,-8,-8,False,combined,3,18,2,32,0,0.1,1.0,0.4,0.64,0.428571428571,0.64,1,0,0.4,0.64,-63.0,-8.0,,0.428571428571,0.1
219,77993,A27BPRHBM28XZS,219,3/10/17 9:37,1.48914e+12,O,2096,5161,0.2,0.48,left,1.0,1.0,3Q5C1WP23N6BPCK8JC4ALVGWVCH15Y,3VQTAXTYN3QR05ULW805AZP12RQUB0,0,aodI,-13,-11,-31,0,False,combined,11,24,39,26,0,1.0,1.0,0.78,0.52,0.78,0.52,0,0,,,,,,,1.0
220,77994,A27BPRHBM28XZS,220,3/10/17 9:37,1.48914e+12,O,2026,5161,0.14,0.58,right,1.0,0.2,3Q5C1WP23N6BPCK8JC4ALVGWVCH15Y,3VQTAXTYN3QR05ULW805AZP12RQUB0,0,aodI,0,20,44,0,False,combined,7,1,43,9,0,1.0,0.2,0.86,0.9,0.86,0.833333333333,0,1,0.9,0.86,44.0,20.0,,0.833333333333,0.2
221,77995,A27BPRHBM28XZS,221,3/10/17 9:37,1.48914e+12,X,2085,5161,0.28,0.16,left,1.0,0.06,3Q5C1WP23N6BPCK8JC4ALVGWVCH15Y,3VQTAXTYN3QR05ULW805AZP12RQUB0,0,aodI,0,42,71,42,False,combined,14,0,36,3,0,1.0,0.06,0.72,1.0,0.72,0.8,0,1,1.0,0.72,71.0,42.0,,0.8,0.06
222,77996,A27BPRHBM28XZS,222,3/10/17 9:37,1.48914e+12,O,1930,5161,0.42,0.42,right,1.0,1.0,3Q5C1WP23N6BPCK8JC4ALVGWVCH15Y,3VQTAXTYN3QR05ULW805AZP12RQUB0,0,aodI,0,15,17,0,False,combined,21,21,29,29,0,1.0,1.0,0.58,0.58,0.58,0.58,0,0,,,,,,,1.0
223,77997,A27BPRHBM28XZS,223,3/10/17 9:37,1.48914e+12,X,1317,5161,0.78,0.58,left,1.0,1.0,3Q5C1WP23N6BPCK8JC4ALVGWVCH15Y,3VQTAXTYN3QR05ULW805AZP12RQUB0,0,aodI,0,130,68,130,False,combined,38,28,12,22,0,1.0,1.0,0.24,0.44,0.24,0.44,0,0,,,,,,,1.0
224,77998,A27BPRHBM28XZS,224,3/10/17 9:37,1.48914e+12,X,1413,5161,0.08,0.36,left,0.8,1.0,3Q5C1WP23N6BPCK8JC4ALVGWVCH15Y,3VQTAXTYN3QR05ULW805AZP12RQUB0,0,aodI,0,70,97,70,False,combined,3,19,37,31,0,0.8,1.0,0.925,0.62,0.904761904762,0.62,1,0,0.925,0.62,70.0,97.0,,0.904761904762,0.8
225,77999,A27BPRHBM28XZS,225,3/10/17 9:38,1.48914e+12,X,1748,5161,0.36,0.32,right,1.0,1.0,3Q5C1WP23N6BPCK8JC4ALVGWVCH15Y,3VQTAXTYN3QR05ULW805AZP12RQUB0,0,aodI,0,-97,-86,-86,False,combined,18,16,32,34,0,1.0,1.0,0.64,0.68,0.64,0.68,0,0,,,,,,,1.0
226,78000,A27BPRHBM28XZS,226,3/10/17 9:38,1.48914e+12,O,1335,5161,0.78,0.16,left,0.1,1.0,3Q5C1WP23N6BPCK8JC4ALVGWVCH15Y,3VQTAXTYN3QR05ULW805AZP12RQUB0,0,aodI,0,-60,-23,0,False,combined,4,8,1,42,0,0.1,1.0,0.2,0.84,0.285714285714,0.84,1,0,0.2,0.84,-60.0,-23.0,,0.285714285714,0.1
227,78001,A27BPRHBM28XZS,227,3/10/17 9:38,1.48914e+12,O,1345,5161,0.32,0.24,left,0.06,1.0,3Q5C1WP23N6BPCK8JC4ALVGWVCH15Y,3VQTAXTYN3QR05ULW805AZP12RQUB0,0,aodI,0,-74,-88,0,False,combined,1,13,2,37,0,0.06,1.0,0.666666666667,0.74,0.6,0.74,1,0,0.666666666667,0.74,-74.0,-88.0,,0.6,0.06
228,78002,A27BPRHBM28XZS,228,3/10/17 9:38,1.48914e+12,X,1968,5161,0.16,0.32,right,1.0,0.2,3Q5C1WP23N6BPCK8JC4ALVGWVCH15Y,3VQTAXTYN3QR05ULW805AZP12RQUB0,0,aodI,0,-84,-91,-91,False,combined,8,5,42,5,0,1.0,0.2,0.84,0.5,0.84,0.5,0,1,0.5,0.84,-91.0,-84.0,,0.5,0.2
229,78003,A27BPRHBM28XZS,229,3/10/17 9:38,1.48914e+12,O,1115,5161,0.44,0.32,left,1.0,1.0,3Q5C1WP23N6BPCK8JC4ALVGWVCH15Y,3VQTAXTYN3QR05ULW805AZP12RQUB0,0,aodI,0,-9,-22,0,False,combined,22,16,28,34,0,1.0,1.0,0.56,0.68,0.56,0.68,0,0,,,,,,,1.0
230,78004,A27BPRHBM28XZS,230,3/10/17 9:38,1.48914e+12,X,1690,5070,0.38,0.1,left,1.0,0.8,3Q5C1WP23N6BPCK8JC4ALVGWVCH15Y,3VQTAXTYN3QR05ULW805AZP12RQUB0,0,aodI,-91,-55,-42,-55,False,combined,19,5,31,35,0,1.0,0.8,0.62,0.875,0.62,0.857142857143,0,1,0.875,0.62,-42.0,-55.0,,0.857142857143,0.8
231,78005,A27BPRHBM28XZS,231,3/10/17 9:38,1.48914e+12,X,2240,5070,0.04,0.52,right,1.0,1.0,3Q5C1WP23N6BPCK8JC4ALVGWVCH15Y,3VQTAXTYN3QR05ULW805AZP12RQUB0,0,aodI,-91,-31,-31,-31,False,combined,3,25,47,25,0,1.0,1.0,0.94,0.5,0.94,0.5,0,0,,,,,,,1.0
232,78006,A27BPRHBM28XZS,232,3/10/17 9:38,1.48914e+12,O,2620,5070,0.3,0.44,left,1.0,1.0,3Q5C1WP23N6BPCK8JC4ALVGWVCH15Y,3VQTAXTYN3QR05ULW805AZP12RQUB0,0,aodI,-91,-5,-12,0,False,combined,14,22,36,28,0,1.0,1.0,0.72,0.56,0.72,0.56,0,0,,,,,,,1.0
233,78007,A27BPRHBM28XZS,233,3/10/17 9:39,1.48914e+12,O,1302,5070,0.36,0.62,left,0.02,1.0,3Q5C1WP23N6BPCK8JC4ALVGWVCH15Y,3VQTAXTYN3QR05ULW805AZP12RQUB0,0,aodI,-91,-38,-81,0,False,combined,1,31,0,19,0,0.02,1.0,0.0,0.38,0.333333333333,0.38,1,0,0.0,0.38,-38.0,-81.0,,0.333333333333,0.02
234,78008,A27BPRHBM28XZS,234,3/10/17 9:39,1.48914e+12,X,1682,5070,0.16,0.58,right,1.0,1.0,3Q5C1WP23N6BPCK8JC4ALVGWVCH15Y,3VQTAXTYN3QR05ULW805AZP12RQUB0,0,aodI,-91,-7,-14,-14,False,combined,9,27,41,23,0,1.0,1.0,0.82,0.46,0.82,0.46,0,0,,,,,,,1.0
235,78009,A27BPRHBM28XZS,235,3/10/17 9:39,1.48914e+12,X,3729,5070,0.2,0.28,left,1.0,1.0,3Q5C1WP23N6BPCK8JC4ALVGWVCH15Y,3VQTAXTYN3QR05ULW805AZP12RQUB0,0,aodI,0,-38,-42,-38,False,combined,10,13,40,37,0,1.0,1.0,0.8,0.74,0.8,0.74,0,0,,,,,,,1.0
236,78010,A27BPRHBM28XZS,236,3/10/17 9:39,1.48914e+12,O,1792,5070,0.2,0.32,right,1.0,1.0,3Q5C1WP23N6BPCK8JC4ALVGWVCH15Y,3VQTAXTYN3QR05ULW805AZP12RQUB0,0,aodI,0,-80,-89,0,False,combined,10,16,40,34,0,1.0,1.0,0.8,0.68,0.8,0.68,0,0,,,,,,,1.0
237,78011,A27BPRHBM28XZS,237,3/10/17 9:39,1.48914e+12,X,1596,5070,0.44,0.12,left,1.0,1.0,3Q5C1WP23N6BPCK8JC4ALVGWVCH15Y,3VQTAXTYN3QR05ULW805AZP12RQUB0,0,aodI,0,-114,-78,-114,False,combined,22,6,28,44,0,1.0,1.0,0.56,0.88,0.56,0.88,0,0,,,,,,,1.0
238,78012,A27BPRHBM28XZS,238,3/10/17 9:39,1.48914e+12,O,1697,5070,0.92,0.48,left,1.0,0.1,3Q5C1WP23N6BPCK8JC4ALVGWVCH15Y,3VQTAXTYN3QR05ULW805AZP12RQUB0,0,aodI,0,-63,-58,0,False,combined,45,2,5,3,0,1.0,0.1,0.1,0.6,0.1,0.571428571429,0,1,0.6,0.1,-58.0,-63.0,,0.571428571429,0.1
239,78013,A27BPRHBM28XZS,239,3/10/17 9:39,1.48914e+12,X,1828,5070,0.04,0.4,left,1.0,1.0,3Q5C1WP23N6BPCK8JC4ALVGWVCH15Y,3VQTAXTYN3QR05ULW805AZP12RQUB0,0,aodI,0,-5,-25,-5,False,combined,3,20,47,30,0,1.0,1.0,0.94,0.6,0.94,0.6,0,0,,,,,,,1.0
240,78014,A27BPRHBM28XZS,240,3/10/17 9:40,1.48914e+12,O,1572,4956,0.34,0.64,right,1.0,0.2,3Q5C1WP23N6BPCK8JC4ALVGWVCH15Y,3VQTAXTYN3QR05ULW805AZP12RQUB0,0,aodI,-114,21,49,0,False,combined,18,6,32,4,0,1.0,0.2,0.64,0.4,0.64,0.416666666667,0,1,0.4,0.64,49.0,21.0,,0.416666666667,0.2
241,78015,A27BPRHBM28XZS,241,3/10/17 9:40,1.48914e+12,O,1502,4956,0.72,0.6,left,1.0,1.0,3Q5C1WP23N6BPCK8JC4ALVGWVCH15Y,3VQTAXTYN3QR05ULW805AZP12RQUB0,0,aodI,-114,11,16,0,False,combined,37,29,13,21,0,1.0,1.0,0.26,0.42,0.26,0.42,0,0,,,,,,,1.0
242,78016,A27BPRHBM28XZS,242,3/10/17 9:40,1.48914e+12,X,1242,4956,0.16,0.24,left,1.0,1.0,3Q5C1WP23N6BPCK8JC4ALVGWVCH15Y,3VQTAXTYN3QR05ULW805AZP12RQUB0,0,aodI,-114,7,5,7,False,combined,9,11,41,39,0,1.0,1.0,0.82,0.78,0.82,0.78,0,0,,,,,,,1.0
243,78017,A27BPRHBM28XZS,243,3/10/17 9:40,1.48914e+12,X,1222,4956,0.56,0.36,left,1.0,0.06,3Q5C1WP23N6BPCK8JC4ALVGWVCH15Y,3VQTAXTYN3QR05ULW805AZP12RQUB0,0,aodI,-114,11,8,11,False,combined,27,1,23,2,0,1.0,0.06,0.46,0.666666666667,0.46,0.6,0,1,0.666666666667,0.46,8.0,11.0,,0.6,0.06
244,78018,A27BPRHBM28XZS,244,3/10/17 9:40,1.48914e+12,X,1587,4956,0.28,0.56,left,0.1,1.0,3Q5C1WP23N6BPCK8JC4ALVGWVCH15Y,3VQTAXTYN3QR05ULW805AZP12RQUB0,0,aodI,-114,40,74,40,False,combined,1,27,4,23,0,0.1,1.0,0.8,0.46,0.714285714286,0.46,1,0,0.8,0.46,40.0,74.0,,0.714285714286,0.1
245,78019,A27BPRHBM28XZS,245,3/10/17 9:40,1.48914e+12,X,1724,4967,0.44,0.92,left,0.8,1.0,3Q5C1WP23N6BPCK8JC4ALVGWVCH15Y,3VQTAXTYN3QR05ULW805AZP12RQUB0,0,aodI,11,-5,-56,-5,False,combined,19,46,21,4,0,0.8,1.0,0.525,0.08,0.52380952381,0.08,1,0,0.525,0.08,-5.0,-56.0,,0.52380952381,0.8
246,78020,A27BPRHBM28XZS,246,3/10/17 9:40,1.48914e+12,X,3442,4967,0.12,0.7,left,1.0,0.2,3Q5C1WP23N6BPCK8JC4ALVGWVCH15Y,3VQTAXTYN3QR05ULW805AZP12RQUB0,0,aodI,11,-26,-73,-26,False,combined,6,5,44,5,0,1.0,0.2,0.88,0.5,0.88,0.5,0,1,0.5,0.88,-73.0,-26.0,,0.5,0.2
247,78021,A27BPRHBM28XZS,247,3/10/17 9:40,1.48914e+12,O,1364,4967,0.56,0.28,left,1.0,1.0,3Q5C1WP23N6BPCK8JC4ALVGWVCH15Y,3VQTAXTYN3QR05ULW805AZP12RQUB0,0,aodI,11,-11,-42,0,False,combined,27,13,23,37,0,1.0,1.0,0.46,0.74,0.46,0.74,0,0,,,,,,,1.0
248,78022,A27BPRHBM28XZS,248,3/10/17 9:41,1.48914e+12,X,1258,4967,0.36,0.32,right,1.0,1.0,3Q5C1WP23N6BPCK8JC4ALVGWVCH15Y,3VQTAXTYN3QR05ULW805AZP12RQUB0,0,aodI,11,-23,-7,-7,False,combined,17,16,33,34,0,1.0,1.0,0.66,0.68,0.66,0.68,0,0,,,,,,,1.0
249,78023,A27BPRHBM28XZS,249,3/10/17 9:41,1.48914e+12,X,1311,4967,0.28,0.2,right,1.0,1.0,3Q5C1WP23N6BPCK8JC4ALVGWVCH15Y,3VQTAXTYN3QR05ULW805AZP12RQUB0,0,aodI,11,-47,-24,-24,False,combined,13,11,37,39,0,1.0,1.0,0.74,0.78,0.74,0.78,0,0,,,,,,,1.0
250,78024,A27BPRHBM28XZS,250,3/10/17 9:41,1.48914e+12,X,2276,4943,0.36,0.32,left,1.0,1.0,3Q5C1WP23N6BPCK8JC4ALVGWVCH15Y,3VQTAXTYN3QR05ULW805AZP12RQUB0,0,aodI,-24,97,86,97,False,combined,18,16,32,34,0,1.0,1.0,0.64,0.68,0.64,0.68,0,0,,,,,,,1.0
251,78025,A27BPRHBM28XZS,251,3/10/17 9:41,1.48914e+12,O,1585,4943,0.78,0.16,left,0.1,1.0,3Q5C1WP23N6BPCK8JC4ALVGWVCH15Y,3VQTAXTYN3QR05ULW805AZP12RQUB0,0,aodI,-24,60,23,0,False,combined,4,8,1,42,0,0.1,1.0,0.2,0.84,0.285714285714,0.84,1,0,0.2,0.84,60.0,23.0,,0.285714285714,0.1
252,78026,A27BPRHBM28XZS,252,3/10/17 9:41,1.48914e+12,X,1102,4943,0.32,0.24,right,0.06,1.0,3Q5C1WP23N6BPCK8JC4ALVGWVCH15Y,3VQTAXTYN3QR05ULW805AZP12RQUB0,0,aodI,-24,74,88,88,False,combined,1,13,2,37,0,0.06,1.0,0.666666666667,0.74,0.6,0.74,1,0,0.666666666667,0.74,74.0,88.0,,0.6,0.06
253,78027,A27BPRHBM28XZS,253,3/10/17 9:41,1.48914e+12,X,1802,4943,0.16,0.32,left,1.0,0.2,3Q5C1WP23N6BPCK8JC4ALVGWVCH15Y,3VQTAXTYN3QR05ULW805AZP12RQUB0,0,aodI,-24,84,91,84,False,combined,8,5,42,5,0,1.0,0.2,0.84,0.5,0.84,0.5,0,1,0.5,0.84,91.0,84.0,,0.5,0.2
254,78028,A27BPRHBM28XZS,254,3/10/17 9:41,1.48914e+12,X,1597,4943,0.44,0.32,right,1.0,1.0,3Q5C1WP23N6BPCK8JC4ALVGWVCH15Y,3VQTAXTYN3QR05ULW805AZP12RQUB0,0,aodI,-24,9,22,22,False,combined,22,16,28,34,0,1.0,1.0,0.56,0.68,0.56,0.68,0,0,,,,,,,1.0
255,78029,A27BPRHBM28XZS,255,3/10/17 9:42,1.48914e+12,O,1812,4965,0.82,0.82,left,1.0,1.0,3Q5C1WP23N6BPCK8JC4ALVGWVCH15Y,3VQTAXTYN3QR05ULW805AZP12RQUB0,0,aodI,22,85,78,0,False,combined,41,40,9,10,0,1.0,1.0,0.18,0.2,0.18,0.2,0,0,,,,,,,1.0
256,78030,A27BPRHBM28XZS,256,3/10/17 9:42,1.48914e+12,O,1357,4965,0.4,0.28,right,0.06,1.0,3Q5C1WP23N6BPCK8JC4ALVGWVCH15Y,3VQTAXTYN3QR05ULW805AZP12RQUB0,0,aodI,22,89,74,0,False,combined,1,13,2,37,0,0.06,1.0,0.666666666667,0.74,0.6,0.74,1,0,0.666666666667,0.74,89.0,74.0,,0.6,0.06
257,78031,A27BPRHBM28XZS,257,3/10/17 9:42,1.48914e+12,X,2340,4965,0.12,0.52,left,1.0,1.0,3Q5C1WP23N6BPCK8JC4ALVGWVCH15Y,3VQTAXTYN3QR05ULW805AZP12RQUB0,0,aodI,22,54,132,54,False,combined,6,26,44,24,0,1.0,1.0,0.88,0.48,0.88,0.48,0,0,,,,,,,1.0
258,78032,A27BPRHBM28XZS,258,3/10/17 9:42,1.48914e+12,X,1371,4965,0.52,0.36,left,0.1,1.0,3Q5C1WP23N6BPCK8JC4ALVGWVCH15Y,3VQTAXTYN3QR05ULW805AZP12RQUB0,0,aodI,22,63,8,63,False,combined,3,18,2,32,0,0.1,1.0,0.4,0.64,0.428571428571,0.64,1,0,0.4,0.64,63.0,8.0,,0.428571428571,0.1
259,78033,A27BPRHBM28XZS,259,3/10/17 9:42,1.48914e+12,X,2199,4965,0.2,0.48,left,1.0,1.0,3Q5C1WP23N6BPCK8JC4ALVGWVCH15Y,3VQTAXTYN3QR05ULW805AZP12RQUB0,0,aodI,22,11,31,11,False,combined,11,24,39,26,0,1.0,1.0,0.78,0.52,0.78,0.52,0,0,,,,,,,1.0
260,78034,A27BPRHBM28XZS,260,3/10/17 9:42,1.48914e+12,X,1588,4965,0.16,0.08,right,1.0,1.0,3Q5C1WP23N6BPCK8JC4ALVGWVCH15Y,3VQTAXTYN3QR05ULW805AZP12RQUB0,0,aodI,0,-6,-5,-5,False,combined,8,4,42,46,0,1.0,1.0,0.84,0.92,0.84,0.92,0,0,,,,,,,1.0
261,78035,A27BPRHBM28XZS,261,3/10/17 9:42,1.48914e+12,X,1694,4965,0.12,0.84,left,1.0,1.0,3Q5C1WP23N6BPCK8JC4ALVGWVCH15Y,3VQTAXTYN3QR05ULW805AZP12RQUB0,0,aodI,0,-34,-94,-34,False,combined,7,41,43,9,0,1.0,1.0,0.86,0.18,0.86,0.18,0,0,,,,,,,1.0
262,78036,A27BPRHBM28XZS,262,3/10/17 9:42,1.48914e+12,X,2564,4965,0.4,0.66,right,0.2,1.0,3Q5C1WP23N6BPCK8JC4ALVGWVCH15Y,3VQTAXTYN3QR05ULW805AZP12RQUB0,0,aodI,0,-54,-74,-74,False,combined,5,31,5,19,0,0.2,1.0,0.5,0.38,0.5,0.38,1,0,0.5,0.38,-54.0,-74.0,,0.5,0.2
263,78037,A27BPRHBM28XZS,263,3/10/17 9:43,1.48914e+12,O,1066,4965,0.74,0.52,right,1.0,1.0,3Q5C1WP23N6BPCK8JC4ALVGWVCH15Y,3VQTAXTYN3QR05ULW805AZP12RQUB0,0,aodI,0,-8,-9,0,False,combined,37,25,13,25,0,1.0,1.0,0.26,0.5,0.26,0.5,0,0,,,,,,,1.0
264,78038,A27BPRHBM28XZS,264,3/10/17 9:43,1.48914e+12,X,1723,4965,0.32,0.78,left,1.0,0.02,3Q5C1WP23N6BPCK8JC4ALVGWVCH15Y,3VQTAXTYN3QR05ULW805AZP12RQUB0,0,aodI,0,-7,-27,-7,False,combined,16,1,34,0,0,1.0,0.02,0.68,0.0,0.68,0.333333333333,0,1,0.0,0.68,-27.0,-7.0,,0.333333333333,0.02
265,78039,A27BPRHBM28XZS,265,3/10/17 9:43,1.48914e+12,O,1532,4960,0.58,0.74,left,1.0,0.4,3Q5C1WP23N6BPCK8JC4ALVGWVCH15Y,3VQTAXTYN3QR05ULW805AZP12RQUB0,0,aodI,-5,33,60,0,False,combined,28,17,22,3,0,1.0,0.4,0.44,0.15,0.44,0.181818181818,0,1,0.15,0.44,60.0,33.0,,0.181818181818,0.4
266,78040,A27BPRHBM28XZS,266,3/10/17 9:43,1.48914e+12,X,1441,4960,0.12,0.84,left,0.02,1.0,3Q5C1WP23N6BPCK8JC4ALVGWVCH15Y,3VQTAXTYN3QR05ULW805AZP12RQUB0,0,aodI,-5,34,94,34,False,combined,0,42,1,8,0,0.02,1.0,1.0,0.16,0.666666666667,0.16,1,0,1.0,0.16,34.0,94.0,,0.666666666667,0.02
267,78041,A27BPRHBM28XZS,267,3/10/17 9:43,1.48914e+12,X,1198,4960,0.04,0.32,right,0.1,1.0,3Q5C1WP23N6BPCK8JC4ALVGWVCH15Y,3VQTAXTYN3QR05ULW805AZP12RQUB0,0,aodI,-5,72,89,89,False,combined,0,16,5,34,0,0.1,1.0,1.0,0.68,0.857142857143,0.68,1,0,1.0,0.68,72.0,89.0,,0.857142857143,0.1
268,78042,A27BPRHBM28XZS,268,3/10/17 9:43,1.48914e+12,O,1553,4960,0.52,0.76,left,1.0,1.0,3Q5C1WP23N6BPCK8JC4ALVGWVCH15Y,3VQTAXTYN3QR05ULW805AZP12RQUB0,0,aodI,-5,11,14,0,False,combined,26,37,24,13,0,1.0,1.0,0.48,0.26,0.48,0.26,0,0,,,,,,,1.0
269,78043,A27BPRHBM28XZS,269,3/10/17 9:43,1.48914e+12,X,1345,4960,0.96,0.08,right,1.0,1.0,3Q5C1WP23N6BPCK8JC4ALVGWVCH15Y,3VQTAXTYN3QR05ULW805AZP12RQUB0,0,aodI,-5,125,5,5,False,combined,48,4,2,46,0,1.0,1.0,0.04,0.92,0.04,0.92,0,0,,,,,,,1.0
270,78044,A27BPRHBM28XZS,270,3/10/17 9:44,1.48914e+12,X,1285,4994,0.2,0.28,right,1.0,1.0,3Q5C1WP23N6BPCK8JC4ALVGWVCH15Y,3VQTAXTYN3QR05ULW805AZP12RQUB0,0,aodI,34,38,42,42,False,combined,10,14,40,36,0,1.0,1.0,0.8,0.72,0.8,0.72,0,0,,,,,,,1.0
271,78045,A27BPRHBM28XZS,271,3/10/17 9:44,1.48914e+12,X,1466,4994,0.2,0.32,left,1.0,1.0,3Q5C1WP23N6BPCK8JC4ALVGWVCH15Y,3VQTAXTYN3QR05ULW805AZP12RQUB0,0,aodI,34,80,89,80,False,combined,10,16,40,34,0,1.0,1.0,0.8,0.68,0.8,0.68,0,0,,,,,,,1.0
272,78046,A27BPRHBM28XZS,272,3/10/17 9:44,1.48914e+12,O,2373,4994,0.44,0.12,right,1.0,1.0,3Q5C1WP23N6BPCK8JC4ALVGWVCH15Y,3VQTAXTYN3QR05ULW805AZP12RQUB0,0,aodI,34,114,78,0,False,combined,22,6,28,44,0,1.0,1.0,0.56,0.88,0.56,0.88,0,0,,,,,,,1.0
273,78047,A27BPRHBM28XZS,273,3/10/17 9:44,1.48914e+12,O,3297,4994,0.92,0.48,right,1.0,0.1,3Q5C1WP23N6BPCK8JC4ALVGWVCH15Y,3VQTAXTYN3QR05ULW805AZP12RQUB0,0,aodI,34,63,58,0,False,combined,45,2,5,3,0,1.0,0.1,0.1,0.6,0.1,0.571428571429,0,1,0.6,0.1,58.0,63.0,,0.571428571429,0.1
274,78048,A27BPRHBM28XZS,274,3/10/17 9:44,1.48914e+12,X,1449,4994,0.04,0.4,right,1.0,1.0,3Q5C1WP23N6BPCK8JC4ALVGWVCH15Y,3VQTAXTYN3QR05ULW805AZP12RQUB0,0,aodI,34,5,25,25,False,combined,3,20,47,30,0,1.0,1.0,0.94,0.6,0.94,0.6,0,0,,,,,,,1.0
275,78049,A27BPRHBM28XZS,275,3/10/17 9:44,1.48914e+12,O,1737,5019,0.34,0.64,right,1.0,0.2,3Q5C1WP23N6BPCK8JC4ALVGWVCH15Y,3VQTAXTYN3QR05ULW805AZP12RQUB0,0,aodI,25,-21,-49,0,False,combined,18,6,32,4,0,1.0,0.2,0.64,0.4,0.64,0.416666666667,0,1,0.4,0.64,-49.0,-21.0,,0.416666666667,0.2
276,78050,A27BPRHBM28XZS,276,3/10/17 9:44,1.48914e+12,O,2635,5019,0.72,0.6,left,1.0,1.0,3Q5C1WP23N6BPCK8JC4ALVGWVCH15Y,3VQTAXTYN3QR05ULW805AZP12RQUB0,0,aodI,25,-11,-16,0,False,combined,37,29,13,21,0,1.0,1.0,0.26,0.42,0.26,0.42,0,0,,,,,,,1.0
277,78051,A27BPRHBM28XZS,277,3/10/17 9:44,1.48914e+12,X,1672,5019,0.16,0.24,right,1.0,1.0,3Q5C1WP23N6BPCK8JC4ALVGWVCH15Y,3VQTAXTYN3QR05ULW805AZP12RQUB0,0,aodI,25,-7,-5,-5,False,combined,9,11,41,39,0,1.0,1.0,0.82,0.78,0.82,0.78,0,0,,,,,,,1.0
278,78052,A27BPRHBM28XZS,278,3/10/17 9:45,1.48914e+12,X,1300,5019,0.56,0.36,right,1.0,0.06,3Q5C1WP23N6BPCK8JC4ALVGWVCH15Y,3VQTAXTYN3QR05ULW805AZP12RQUB0,0,aodI,25,-11,-8,-8,False,combined,27,1,23,2,0,1.0,0.06,0.46,0.666666666667,0.46,0.6,0,1,0.666666666667,0.46,-8.0,-11.0,,0.6,0.06
279,78053,A27BPRHBM28XZS,279,3/10/17 9:45,1.48914e+12,O,2380,5019,0.28,0.56,right,0.1,1.0,3Q5C1WP23N6BPCK8JC4ALVGWVCH15Y,3VQTAXTYN3QR05ULW805AZP12RQUB0,0,aodI,25,-40,-74,0,False,combined,1,27,4,23,0,0.1,1.0,0.8,0.46,0.714285714286,0.46,1,0,0.8,0.46,-40.0,-74.0,,0.714285714286,0.1
280,78054,A27BPRHBM28XZS,280,3/10/17 9:45,1.48914e+12,O,2455,5019,0.64,0.4,left,1.0,1.0,3Q5C1WP23N6BPCK8JC4ALVGWVCH15Y,3VQTAXTYN3QR05ULW805AZP12RQUB0,0,aodI,0,-72,-60,0,False,combined,31,21,19,29,0,1.0,1.0,0.38,0.58,0.38,0.58,0,0,,,,,,,1.0
281,78055,A27BPRHBM28XZS,281,3/10/17 9:45,1.48914e+12,X,2526,5019,0.12,0.06,right,1.0,1.0,3Q5C1WP23N6BPCK8JC4ALVGWVCH15Y,3VQTAXTYN3QR05ULW805AZP12RQUB0,0,aodI,0,-30,-29,-29,False,combined,6,4,44,46,0,1.0,1.0,0.88,0.92,0.88,0.92,0,0,,,,,,,1.0
282,78056,A27BPRHBM28XZS,282,3/10/17 9:45,1.48914e+12,X,2204,5019,0.16,0.68,left,1.0,1.0,3Q5C1WP23N6BPCK8JC4ALVGWVCH15Y,3VQTAXTYN3QR05ULW805AZP12RQUB0,0,aodI,0,-18,-47,-18,False,combined,8,33,42,17,0,1.0,1.0,0.84,0.34,0.84,0.34,0,0,,,,,,,1.0
283,78057,A27BPRHBM28XZS,283,3/10/17 9:45,1.48914e+12,X,1502,5019,0.84,0.12,left,1.0,0.8,3Q5C1WP23N6BPCK8JC4ALVGWVCH15Y,3VQTAXTYN3QR05ULW805AZP12RQUB0,0,aodI,0,-94,-34,-94,False,combined,41,5,9,35,0,1.0,0.8,0.18,0.875,0.18,0.857142857143,0,1,0.875,0.18,-34.0,-94.0,,0.857142857143,0.8
284,78058,A27BPRHBM28XZS,284,3/10/17 9:45,1.48914e+12,O,1370,5019,0.76,0.06,right,1.0,1.0,3Q5C1WP23N6BPCK8JC4ALVGWVCH15Y,3VQTAXTYN3QR05ULW805AZP12RQUB0,0,aodI,0,-116,-42,0,False,combined,37,4,13,46,0,1.0,1.0,0.26,0.92,0.26,0.92,0,0,,,,,,,1.0
285,78059,A27BPRHBM28XZS,285,3/10/17 9:46,1.48914e+12,X,2049,4990,0.4,0.68,left,0.1,1.0,3Q5C1WP23N6BPCK8JC4ALVGWVCH15Y,3VQTAXTYN3QR05ULW805AZP12RQUB0,0,aodI,-29,25,47,25,False,combined,2,35,3,15,0,0.1,1.0,0.6,0.3,0.571428571429,0.3,1,0,0.6,0.3,25.0,47.0,,0.571428571429,0.1
286,78060,A27BPRHBM28XZS,286,3/10/17 9:46,1.48914e+12,X,1055,4990,0.04,0.32,right,0.4,1.0,3Q5C1WP23N6BPCK8JC4ALVGWVCH15Y,3VQTAXTYN3QR05ULW805AZP12RQUB0,0,aodI,-29,9,18,18,False,combined,0,17,20,33,0,0.4,1.0,1.0,0.66,0.954545454545,0.66,1,0,1.0,0.66,9.0,18.0,,0.954545454545,0.4
287,78061,A27BPRHBM28XZS,287,3/10/17 9:46,1.48914e+12,X,1037,4990,0.04,0.48,left,1.0,0.8,3Q5C1WP23N6BPCK8JC4ALVGWVCH15Y,3VQTAXTYN3QR05ULW805AZP12RQUB0,0,aodI,-29,63,29,63,False,combined,3,19,47,21,0,1.0,0.8,0.94,0.525,0.94,0.52380952381,0,1,0.525,0.94,29.0,63.0,,0.52380952381,0.8
288,78062,A27BPRHBM28XZS,288,3/10/17 9:46,1.48914e+12,O,1147,4990,0.06,0.36,right,1.0,1.0,3Q5C1WP23N6BPCK8JC4ALVGWVCH15Y,3VQTAXTYN3QR05ULW805AZP12RQUB0,0,aodI,-29,39,52,0,False,combined,3,18,47,32,0,1.0,1.0,0.94,0.64,0.94,0.64,0,0,,,,,,,1.0
289,78063,A27BPRHBM28XZS,289,3/10/17 9:46,1.48914e+12,O,1107,4990,0.12,0.88,right,1.0,0.02,3Q5C1WP23N6BPCK8JC4ALVGWVCH15Y,3VQTAXTYN3QR05ULW805AZP12RQUB0,0,aodI,-29,17,125,0,False,combined,6,0,44,1,0,1.0,0.02,0.88,1.0,0.88,0.666666666667,0,1,1.0,0.88,125.0,17.0,,0.666666666667,0.02
290,78064,A27BPRHBM28XZS,290,3/10/17 9:46,1.48914e+12,X,1074,5015,0.4,0.66,left,0.4,1.0,3Q5C1WP23N6BPCK8JC4ALVGWVCH15Y,3VQTAXTYN3QR05ULW805AZP12RQUB0,0,aodI,25,54,74,54,False,combined,5,31,15,19,0,0.4,1.0,0.75,0.38,0.727272727273,0.38,1,0,0.75,0.38,54.0,74.0,,0.727272727273,0.4
291,78065,A27BPRHBM28XZS,291,3/10/17 9:46,1.48914e+12,X,1572,5015,0.36,0.6,right,1.0,1.0,3Q5C1WP23N6BPCK8JC4ALVGWVCH15Y,3VQTAXTYN3QR05ULW805AZP12RQUB0,0,aodI,25,93,127,127,False,combined,19,30,31,20,0,1.0,1.0,0.62,0.4,0.62,0.4,0,0,,,,,,,1.0
292,78066,A27BPRHBM28XZS,292,3/10/17 9:46,1.48914e+12,X,1596,5015,0.64,0.34,right,0.02,1.0,3Q5C1WP23N6BPCK8JC4ALVGWVCH15Y,3VQTAXTYN3QR05ULW805AZP12RQUB0,0,aodI,25,39,21,21,False,combined,1,16,0,34,0,0.02,1.0,0.0,0.68,0.333333333333,0.68,1,0,0.0,0.68,39.0,21.0,,0.333333333333,0.02
293,78067,A27BPRHBM28XZS,293,3/10/17 9:47,1.48914e+12,X,1096,5015,0.52,0.38,left,0.2,1.0,3Q5C1WP23N6BPCK8JC4ALVGWVCH15Y,3VQTAXTYN3QR05ULW805AZP12RQUB0,0,aodI,25,9,13,9,False,combined,5,20,5,30,0,0.2,1.0,0.5,0.6,0.5,0.6,1,0,0.5,0.6,9.0,13.0,,0.5,0.2
294,78068,A27BPRHBM28XZS,294,3/10/17 9:47,1.48914e+12,O,1902,5015,0.96,0.52,left,1.0,1.0,3Q5C1WP23N6BPCK8JC4ALVGWVCH15Y,3VQTAXTYN3QR05ULW805AZP12RQUB0,0,aodI,25,125,63,0,False,combined,48,25,2,25,0,1.0,1.0,0.04,0.5,0.04,0.5,0,0,,,,,,,1.0
295,78069,A27BPRHBM28XZS,295,3/10/17 9:47,1.48914e+12,X,2039,5036,0.38,0.26,left,1.0,0.4,3Q5C1WP23N6BPCK8JC4ALVGWVCH15Y,3VQTAXTYN3QR05ULW805AZP12RQUB0,0,aodI,21,-48,-51,-48,False,combined,20,6,30,14,0,1.0,0.4,0.6,0.7,0.6,0.681818181818,0,1,0.7,0.6,-51.0,-48.0,,0.681818181818,0.4
296,78070,A27BPRHBM28XZS,296,3/10/17 9:47,1.48914e+12,O,1909,5036,0.08,0.64,right,0.8,1.0,3Q5C1WP23N6BPCK8JC4ALVGWVCH15Y,3VQTAXTYN3QR05ULW805AZP12RQUB0,0,aodI,21,-5,-42,0,False,combined,4,31,36,19,0,0.8,1.0,0.9,0.38,0.880952380952,0.38,1,0,0.9,0.38,-5.0,-42.0,,0.880952380952,0.8
297,78071,A27BPRHBM28XZS,297,3/10/17 9:47,1.48914e+12,O,1918,5036,0.68,0.56,left,1.0,1.0,3Q5C1WP23N6BPCK8JC4ALVGWVCH15Y,3VQTAXTYN3QR05ULW805AZP12RQUB0,0,aodI,21,-39,-42,0,False,combined,34,27,16,23,0,1.0,1.0,0.32,0.46,0.32,0.46,0,0,,,,,,,1.0
298,78072,A27BPRHBM28XZS,298,3/10/17 9:47,1.48914e+12,X,2458,5036,0.24,0.48,left,1.0,1.0,3Q5C1WP23N6BPCK8JC4ALVGWVCH15Y,3VQTAXTYN3QR05ULW805AZP12RQUB0,0,aodI,21,-42,-61,-42,False,combined,12,25,38,25,0,1.0,1.0,0.76,0.5,0.76,0.5,0,0,,,,,,,1.0
299,78073,A27BPRHBM28XZS,299,3/10/17 9:47,1.48914e+12,O,1701,5036,0.18,0.68,right,1.0,1.0,3Q5C1WP23N6BPCK8JC4ALVGWVCH15Y,3VQTAXTYN3QR05ULW805AZP12RQUB0,0,aodI,21,-37,-115,0,False,combined,10,33,40,17,0,1.0,1.0,0.8,0.34,0.8,0.34,0,0,,,,,,,1.0
